chr_pos,chr,pos,clusterNo
1_4110528,1,4110528,7
1_9247597,1,9247597,7
1_9705672,1,9705672,7
1_13660949,1,13660949,2
1_17304690,1,17304690,7
1_19700705,1,19700705,1
1_21545724,1,21545724,7
1_24714257,1,24714257,7
1_28558857,1,28558857,7
1_30445997,1,30445997,7
1_30643777,1,30643777,2
1_37158328,1,37158328,2
1_37324366,1,37324366,7
1_42074118,1,42074118,7
1_45698216,1,45698216,2
1_50422874,1,50422874,7
1_50819478,1,50819478,5
1_52617308,1,52617308,7
1_53266065,1,53266065,2
1_55775044,1,55775044,7
1_55881260,1,55881260,7
1_57894098,1,57894098,7
1_66190069,1,66190069,1
1_66777586,1,66777586,7
1_70545716,1,70545716,7
1_71543398,1,71543398,7
1_71694868,1,71694868,2
1_73317643,1,73317643,7
1_74881755,1,74881755,7
1_77773350,1,77773350,3
1_79436936,1,79436936,7
1_80555234,1,80555234,2
1_80634543,1,80634543,5
1_80992719,1,80992719,2
1_81958235,1,81958235,7
1_83529605,1,83529605,7
1_86342472,1,86342472,7
1_88803631,1,88803631,7
1_90803860,1,90803860,7
1_91425698,1,91425698,2
1_94068113,1,94068113,7
1_94133312,1,94133312,7
1_101115216,1,101115216,7
1_110323006,1,110323006,7
1_114113394,1,114113394,7
1_114153741,1,114153741,5
1_115882710,1,115882710,7
1_116138760,1,116138760,7
1_117052914,1,117052914,7
1_148026715,1,148026715,2
1_148273097,1,148273097,7
1_154432729,1,154432729,7
1_159094037,1,159094037,7
1_161226648,1,161226648,1
1_164152153,1,164152153,2
1_166241190,1,166241190,7
1_166241192,1,166241192,7
1_168685177,1,168685177,7
1_171167453,1,171167453,7
1_173223092,1,173223092,2
1_173590175,1,173590175,7
1_175740170,1,175740170,7
1_176524959,1,176524959,7
1_180286322,1,180286322,7
1_181920996,1,181920996,7
1_182265343,1,182265343,7
1_182317866,1,182317866,7
1_182382292,1,182382292,7
1_184140352,1,184140352,7
1_185142320,1,185142320,2
1_185267612,1,185267612,7
1_187470609,1,187470609,7
1_188256389,1,188256389,7
1_191623303,1,191623303,7
1_191826672,1,191826672,7
1_191856159,1,191856159,7
1_194189890,1,194189890,2
1_194429088,1,194429088,7
1_197994861,1,197994861,7
1_199243469,1,199243469,7
1_199869695,1,199869695,7
1_203087392,1,203087392,7
1_203272079,1,203272079,5
1_203311678,1,203311678,7
1_206531145,1,206531145,7
1_209050421,1,209050421,7
1_211108951,1,211108951,7
1_214693941,1,214693941,7
1_215839336,1,215839336,7
1_215983209,1,215983209,5
1_220453764,1,220453764,7
1_223527665,1,223527665,5
1_228943525,1,228943525,2
1_233707834,1,233707834,7
1_234006074,1,234006074,7
1_234992110,1,234992110,7
1_235572345,1,235572345,7
1_235957900,1,235957900,7
1_236154237,1,236154237,1
1_237745485,1,237745485,7
1_238361585,1,238361585,7
1_240822215,1,240822215,7
1_243053792,1,243053792,7
1_243673763,1,243673763,7
1_244174817,1,244174817,7
1_244214851,1,244214851,7
1_245342959,1,245342959,7
2_10974675,2,10974675,5
2_12433371,2,12433371,6
2_41237054,2,41237054,6
2_63045460,2,63045460,1
2_136950200,2,136950200,1
2_160202395,2,160202395,5
2_168135645,2,168135645,1
2_229456734,2,229456734,6
2_234518192,2,234518192,6
2_237213665,2,237213665,5
2_238478000,2,238478000,5
3_850936,3,850936,1
3_915098,3,915098,7
3_2266134,3,2266134,7
3_2690084,3,2690084,7
3_2702062,3,2702062,7
3_3632699,3,3632699,7
3_9091641,3,9091641,5
3_9205232,3,9205232,7
3_10204705,3,10204705,7
3_11029278,3,11029278,1
3_16012269,3,16012269,7
3_18632394,3,18632394,7
3_20593869,3,20593869,7
3_21981950,3,21981950,7
3_22634536,3,22634536,2
3_22700955,3,22700955,7
3_22821508,3,22821508,7
3_23392561,3,23392561,5
3_24620185,3,24620185,7
3_25578338,3,25578338,2
3_26957856,3,26957856,7
3_27057297,3,27057297,7
3_31817914,3,31817914,2
3_31970937,3,31970937,2
3_35456413,3,35456413,7
3_36179744,3,36179744,5
3_42933147,3,42933147,2
3_50524421,3,50524421,7
3_52858884,3,52858884,7
3_55338766,3,55338766,7
3_56111637,3,56111637,7
3_56233825,3,56233825,2
3_58597822,3,58597822,7
3_58636059,3,58636059,7
3_60517668,3,60517668,7
3_61580198,3,61580198,2
3_61758597,3,61758597,7
3_61946354,3,61946354,7
3_62358766,3,62358766,7
3_64102125,3,64102125,2
3_65880336,3,65880336,7
3_68053279,3,68053279,7
3_68480528,3,68480528,7
3_68523875,3,68523875,7
3_71114924,3,71114924,2
3_75633948,3,75633948,7
3_76131140,3,76131140,2
3_79259569,3,79259569,7
3_79654039,3,79654039,5
3_80534861,3,80534861,3
3_84423599,3,84423599,7
3_86055561,3,86055561,5
3_86295043,3,86295043,7
3_87292475,3,87292475,5
3_88266522,3,88266522,7
3_89641939,3,89641939,7
3_94431315,3,94431315,2
3_95212907,3,95212907,7
3_95271969,3,95271969,7
3_95814542,3,95814542,7
3_97298143,3,97298143,7
3_97505353,3,97505353,5
3_99432237,3,99432237,7
3_103421321,3,103421321,7
3_111049074,3,111049074,7
3_113696848,3,113696848,7
3_114685856,3,114685856,7
3_116816394,3,116816394,7
3_117132023,3,117132023,7
3_117421506,3,117421506,7
3_118063003,3,118063003,2
3_119365004,3,119365004,7
3_123272903,3,123272903,7
3_123971679,3,123971679,7
3_125683634,3,125683634,5
3_126967139,3,126967139,7
3_130973496,3,130973496,7
3_132871115,3,132871115,7
3_133164181,3,133164181,2
3_133896640,3,133896640,7
3_136515078,3,136515078,7
3_136652481,3,136652481,7
3_142806740,3,142806740,2
3_144175864,3,144175864,2
3_146773013,3,146773013,7
3_150091434,3,150091434,7
3_151413511,3,151413511,7
3_154490295,3,154490295,6
3_157678880,3,157678880,5
3_160193403,3,160193403,7
3_164459820,3,164459820,7
3_166782752,3,166782752,7
3_169171057,3,169171057,2
3_170577640,3,170577640,7
3_180528546,3,180528546,7
3_181810779,3,181810779,7
3_183104338,3,183104338,7
3_186462392,3,186462392,7
3_186885146,3,186885146,7
3_187902097,3,187902097,7
3_190630774,3,190630774,2
3_193718842,3,193718842,7
3_194834075,3,194834075,7
4_99300,4,99300,6
4_7245310,4,7245310,2
4_7604588,4,7604588,7
4_8819626,4,8819626,2
4_10732681,4,10732681,7
4_13726104,4,13726104,7
4_13788864,4,13788864,7
4_13997376,4,13997376,7
4_15326237,4,15326237,7
4_28707466,4,28707466,2
4_28757714,4,28757714,7
4_29760904,4,29760904,2
4_33844216,4,33844216,7
4_38551353,4,38551353,7
4_38612921,4,38612921,7
4_40383537,4,40383537,2
4_42930560,4,42930560,7
4_44335879,4,44335879,2
4_59262635,4,59262635,2
4_62995550,4,62995550,7
4_63591694,4,63591694,7
4_67167985,4,67167985,2
4_67583447,4,67583447,2
4_71953689,4,71953689,7
4_72738902,4,72738902,7
4_72851719,4,72851719,6
4_73277727,4,73277727,2
4_82048387,4,82048387,2
4_84290093,4,84290093,2
4_89943620,4,89943620,7
4_94789345,4,94789345,7
4_95266878,4,95266878,7
4_95989701,4,95989701,2
4_96650111,4,96650111,7
4_97608320,4,97608320,7
4_106027200,4,106027200,7
4_107072440,4,107072440,2
4_107977968,4,107977968,2
4_109466652,4,109466652,2
4_111153333,4,111153333,2
4_111608244,4,111608244,7
4_121932903,4,121932903,2
4_122042227,4,122042227,7
4_125390150,4,125390150,7
4_126272351,4,126272351,7
4_126375685,4,126375685,7
4_126490119,4,126490119,2
4_127362572,4,127362572,7
4_127606971,4,127606971,7
4_128165640,4,128165640,7
4_129718293,4,129718293,7
4_129880781,4,129880781,2
4_130152711,4,130152711,2
4_134252974,4,134252974,7
4_145410511,4,145410511,7
4_148089143,4,148089143,7
4_150838607,4,150838607,7
4_152530014,4,152530014,7
4_156026078,4,156026078,7
4_156269270,4,156269270,2
4_156526651,4,156526651,2
4_156546042,4,156546042,2
4_157253861,4,157253861,7
4_163990420,4,163990420,7
4_166584279,4,166584279,7
4_168539536,4,168539536,7
4_169556129,4,169556129,2
4_171129292,4,171129292,2
4_174655053,4,174655053,6
4_175019516,4,175019516,7
4_175428517,4,175428517,7
4_175775790,4,175775790,2
4_179397163,4,179397163,7
4_179793191,4,179793191,7
4_180035803,4,180035803,7
4_180488578,4,180488578,7
4_182541585,4,182541585,7
4_185941844,4,185941844,7
4_188119610,4,188119610,7
4_188833385,4,188833385,7
5_23128274,5,23128274,1
5_25287398,5,25287398,6
5_29550872,5,29550872,5
5_51452877,5,51452877,7
5_56400200,5,56400200,7
5_59455117,5,59455117,6
5_67129990,5,67129990,7
5_69632842,5,69632842,7
5_72196098,5,72196098,7
5_72672808,5,72672808,7
5_75954403,5,75954403,2
5_76738308,5,76738308,7
5_86705611,5,86705611,2
5_89036154,5,89036154,7
5_95435363,5,95435363,7
5_102708197,5,102708197,7
5_104868305,5,104868305,2
5_120551696,5,120551696,7
5_128948534,5,128948534,6
5_147852039,5,147852039,7
5_150167597,5,150167597,7
5_151301350,5,151301350,2
5_154528641,5,154528641,2
5_155922124,5,155922124,2
5_160841001,5,160841001,7
5_162988788,5,162988788,2
5_163090627,5,163090627,7
5_164690383,5,164690383,7
5_164741481,5,164741481,7
5_164959016,5,164959016,6
5_164989218,5,164989218,2
5_165574476,5,165574476,7
5_165686975,5,165686975,2
5_169741174,5,169741174,7
5_170141812,5,170141812,7
5_173250338,5,173250338,7
5_174399311,5,174399311,2
5_174638290,5,174638290,2
5_175715047,5,175715047,2
5_176822056,5,176822056,7
5_181049932,5,181049932,7
5_181067561,5,181067561,6
6_691074,6,691074,4
6_3774152,6,3774152,7
6_5585346,6,5585346,7
6_6293134,6,6293134,2
6_6968263,6,6968263,7
6_9092609,6,9092609,7
6_11930545,6,11930545,7
6_13013043,6,13013043,2
6_13156414,6,13156414,7
6_14625154,6,14625154,7
6_15880171,6,15880171,7
6_16965714,6,16965714,7
6_17224798,6,17224798,4
6_17340787,6,17340787,7
6_17905999,6,17905999,7
6_18369600,6,18369600,5
6_19076727,6,19076727,7
6_21033454,6,21033454,7
6_22162699,6,22162699,7
6_22511715,6,22511715,7
6_22854248,6,22854248,7
6_23043164,6,23043164,4
6_23832671,6,23832671,7
6_23909217,6,23909217,4
6_24165128,6,24165128,7
6_25215274,6,25215274,7
6_25736354,6,25736354,7
6_28523978,6,28523978,7
6_28737442,6,28737442,7
6_32284107,6,32284107,2
6_33339726,6,33339726,7
6_39130143,6,39130143,7
6_39801443,6,39801443,7
6_42901627,6,42901627,7
6_44357084,6,44357084,7
6_45498607,6,45498607,2
6_45715374,6,45715374,2
6_46684000,6,46684000,7
6_60284860,6,60284860,7
6_60647699,6,60647699,7
6_66213693,6,66213693,2
6_66421045,6,66421045,7
6_67146492,6,67146492,7
6_67472659,6,67472659,7
6_69426129,6,69426129,2
6_71083535,6,71083535,7
6_71257785,6,71257785,7
6_75172841,6,75172841,7
6_78144304,6,78144304,7
6_79294226,6,79294226,7
6_82073099,6,82073099,7
6_82652401,6,82652401,7
6_84740744,6,84740744,7
6_85639721,6,85639721,7
6_86452607,6,86452607,2
6_95891853,6,95891853,7
6_96805147,6,96805147,7
6_97984707,6,97984707,7
6_99710898,6,99710898,7
6_102650792,6,102650792,7
6_103885424,6,103885424,7
6_104104716,6,104104716,7
6_104815632,6,104815632,7
6_107255059,6,107255059,7
6_110377909,6,110377909,7
6_112386588,6,112386588,7
6_128670291,6,128670291,7
6_133376741,6,133376741,7
6_134504253,6,134504253,7
6_137811909,6,137811909,7
6_139760319,6,139760319,2
6_143658848,6,143658848,7
6_145771660,6,145771660,7
6_147397185,6,147397185,2
6_147660160,6,147660160,2
6_148213589,6,148213589,2
6_151618842,6,151618842,7
6_154138322,6,154138322,7
6_156691402,6,156691402,7
6_157039974,6,157039974,2
6_161639123,6,161639123,7
6_163299708,6,163299708,2
6_163357714,6,163357714,7
6_165494282,6,165494282,7
6_166316593,6,166316593,2
6_168843556,6,168843556,7
6_169442870,6,169442870,2
6_170437100,6,170437100,2
7_1357603,7,1357603,7
7_5110146,7,5110146,5
7_5410326,7,5410326,7
7_8837080,7,8837080,2
7_9408722,7,9408722,2
7_10606709,7,10606709,2
7_10898589,7,10898589,2
7_17278156,7,17278156,7
7_21654446,7,21654446,7
7_24211999,7,24211999,7
7_26472334,7,26472334,2
7_28757541,7,28757541,7
7_28838498,7,28838498,5
7_29006822,7,29006822,5
7_31457160,7,31457160,5
7_32678842,7,32678842,7
7_33390572,7,33390572,7
7_40920453,7,40920453,7
7_41433910,7,41433910,7
7_41801886,7,41801886,7
7_42113746,7,42113746,7
7_42202814,7,42202814,7
7_44350927,7,44350927,7
7_45536138,7,45536138,7
7_46297798,7,46297798,7
7_49960159,7,49960159,7
7_51847612,7,51847612,7
7_51921399,7,51921399,7
7_54357243,7,54357243,7
7_56368082,7,56368082,2
7_57109682,7,57109682,7
7_57370345,7,57370345,7
7_57739434,7,57739434,7
7_63990118,7,63990118,7
7_67781588,7,67781588,6
7_68070928,7,68070928,7
7_68242746,7,68242746,7
7_68254673,7,68254673,7
7_69426805,7,69426805,7
7_69618239,7,69618239,2
7_71830339,7,71830339,7
7_72378859,7,72378859,7
7_73259979,7,73259979,7
7_81781028,7,81781028,7
7_84113133,7,84113133,7
7_85158615,7,85158615,7
7_86615247,7,86615247,7
7_86652711,7,86652711,2
7_86769913,7,86769913,7
7_88451750,7,88451750,7
7_88703721,7,88703721,7
7_90655401,7,90655401,7
7_96873608,7,96873608,2
7_97295838,7,97295838,2
7_97331833,7,97331833,7
7_97583574,7,97583574,7
7_99758004,7,99758004,7
7_103577729,7,103577729,7
7_104137777,7,104137777,7
7_106088098,7,106088098,2
7_106716696,7,106716696,7
7_109180371,7,109180371,7
7_109572264,7,109572264,7
7_112523893,7,112523893,7
7_112788681,7,112788681,7
7_113017376,7,113017376,2
7_113309008,7,113309008,7
7_114712300,7,114712300,2
7_115283929,7,115283929,7
7_118672940,7,118672940,7
7_120816025,7,120816025,2
7_122807955,7,122807955,7
7_123436609,7,123436609,7
7_125326200,7,125326200,5
7_125663060,7,125663060,7
7_125849631,7,125849631,7
7_126343139,7,126343139,7
7_126406181,7,126406181,7
7_126847413,7,126847413,7
7_126933534,7,126933534,7
7_140728196,7,140728196,7
7_140970115,7,140970115,7
7_142637963,7,142637963,7
7_144679284,7,144679284,2
7_145211504,7,145211504,7
7_147365975,7,147365975,2
7_148111140,7,148111140,7
7_148157869,7,148157869,7
7_150437261,7,150437261,7
7_152069257,7,152069257,7
7_158247090,7,158247090,2
8_3294597,8,3294597,2
8_4364750,8,4364750,7
8_4426184,8,4426184,7
8_5950933,8,5950933,7
8_6954300,8,6954300,7
8_10675870,8,10675870,7
8_11122707,8,11122707,2
8_13888506,8,13888506,7
8_14125754,8,14125754,7
8_14161565,8,14161565,7
8_15806697,8,15806697,7
8_17539334,8,17539334,7
8_23585626,8,23585626,2
8_24625338,8,24625338,7
8_25207494,8,25207494,2
8_25252647,8,25252647,7
8_32098201,8,32098201,7
8_32605397,8,32605397,2
8_34106809,8,34106809,7
8_34342652,8,34342652,7
8_39859642,8,39859642,7
8_41852349,8,41852349,7
8_48039601,8,48039601,2
8_55696062,8,55696062,7
8_64283056,8,64283056,7
8_67979647,8,67979647,7
8_68663718,8,68663718,7
8_70391120,8,70391120,7
8_72304871,8,72304871,7
8_75249108,8,75249108,6
8_75825809,8,75825809,7
8_76769190,8,76769190,7
8_80556437,8,80556437,7
8_80580504,8,80580504,2
8_82660936,8,82660936,7
8_84916535,8,84916535,2
8_86214829,8,86214829,2
8_87573722,8,87573722,7
8_90070090,8,90070090,7
8_90394652,8,90394652,2
8_91484786,8,91484786,7
8_94079327,8,94079327,2
8_97268870,8,97268870,7
8_100679851,8,100679851,2
8_101173473,8,101173473,7
8_104135538,8,104135538,7
8_105056717,8,105056717,7
8_112078822,8,112078822,7
8_114455559,8,114455559,2
8_114769980,8,114769980,7
8_121644941,8,121644941,7
8_123306688,8,123306688,2
8_131264831,8,131264831,6
8_132176773,8,132176773,7
8_134837010,8,134837010,7
8_137583496,8,137583496,7
8_139107428,8,139107428,7
8_139439138,8,139439138,7
8_141688218,8,141688218,7
8_141760730,8,141760730,2
8_142528794,8,142528794,7
8_144254077,8,144254077,7
9_1868556,9,1868556,2
9_9012677,9,9012677,7
9_9712583,9,9712583,2
9_11388673,9,11388673,2
9_13962580,9,13962580,2
9_18070238,9,18070238,7
9_19518663,9,19518663,2
9_20211294,9,20211294,2
9_22566713,9,22566713,7
9_24589106,9,24589106,7
9_27246300,9,27246300,7
9_30121816,9,30121816,1
9_32582274,9,32582274,7
9_35755732,9,35755732,7
9_66785313,9,66785313,4
9_71203758,9,71203758,7
9_77551732,9,77551732,7
9_78967404,9,78967404,7
9_80346232,9,80346232,1
9_85236008,9,85236008,7
9_90595803,9,90595803,7
9_92506143,9,92506143,2
9_92747507,9,92747507,7
9_99474352,9,99474352,5
9_99573948,9,99573948,7
9_100868661,9,100868661,2
9_103323121,9,103323121,2
9_103877758,9,103877758,7
9_109869063,9,109869063,2
9_116805988,9,116805988,7
9_118625049,9,118625049,2
9_119325919,9,119325919,2
9_119480734,9,119480734,7
9_119681270,9,119681270,7
9_127600116,9,127600116,7
9_132302398,9,132302398,7
9_132875122,9,132875122,7
9_133220072,9,133220072,5
9_134657985,9,134657985,7
9_136249641,9,136249641,7
9_136778115,9,136778115,2
9_137122907,9,137122907,7
10_10038554,10,10038554,1
10_10619116,10,10619116,5
10_54406114,10,54406114,1
10_86334226,10,86334226,5
10_95589610,10,95589610,5
10_124342802,10,124342802,5
11_6606098,11,6606098,2
11_8820100,11,8820100,7
11_14347141,11,14347141,7
11_26896207,11,26896207,7
11_28543569,11,28543569,7
11_36266628,11,36266628,7
11_37707931,11,37707931,7
11_41904689,11,41904689,7
11_44030372,11,44030372,2
11_45079937,11,45079937,2
11_45083724,11,45083724,7
11_47422302,11,47422302,7
11_49547811,11,49547811,7
11_55732585,11,55732585,7
11_56184229,11,56184229,7
11_63371155,11,63371155,7
11_64218124,11,64218124,2
11_77053197,11,77053197,2
11_77649459,11,77649459,7
11_81995139,11,81995139,7
11_84536362,11,84536362,7
11_86358062,11,86358062,7
11_87266798,11,87266798,7
11_87635902,11,87635902,7
11_90930831,11,90930831,2
11_91592397,11,91592397,7
11_93338101,11,93338101,2
11_97317950,11,97317950,7
11_101769207,11,101769207,7
11_104181629,11,104181629,7
11_106249354,11,106249354,2
11_107056367,11,107056367,2
11_108090718,11,108090718,7
11_109916413,11,109916413,7
11_110393542,11,110393542,7
11_110554368,11,110554368,7
11_114958625,11,114958625,7
11_118873810,11,118873810,7
11_120695752,11,120695752,2
11_121996893,11,121996893,2
11_127838676,11,127838676,7
11_130549260,11,130549260,7
11_131292944,11,131292944,7
11_134956623,11,134956623,7
12_663128,12,663128,7
12_1381690,12,1381690,7
12_2184222,12,2184222,7
12_2897302,12,2897302,7
12_4213838,12,4213838,7
12_6430365,12,6430365,2
12_7393242,12,7393242,7
12_17178436,12,17178436,2
12_18524237,12,18524237,7
12_18648358,12,18648358,2
12_21228247,12,21228247,2
12_23274349,12,23274349,5
12_24230393,12,24230393,2
12_27684361,12,27684361,7
12_28238086,12,28238086,2
12_30436470,12,30436470,2
12_34009585,12,34009585,7
12_34104496,12,34104496,7
12_40293666,12,40293666,7
12_42073836,12,42073836,7
12_54809954,12,54809954,7
12_57047164,12,57047164,7
12_57757424,12,57757424,7
12_58416102,12,58416102,7
12_60416140,12,60416140,7
12_61492356,12,61492356,7
12_63980058,12,63980058,7
12_64256702,12,64256702,2
12_67346951,12,67346951,7
12_70720221,12,70720221,7
12_73917441,12,73917441,7
12_74026889,12,74026889,7
12_77536696,12,77536696,3
12_79981452,12,79981452,7
12_80683598,12,80683598,7
12_80733192,12,80733192,7
12_81092963,12,81092963,2
12_81945283,12,81945283,2
12_85183335,12,85183335,7
12_86211288,12,86211288,2
12_86347666,12,86347666,7
12_87028440,12,87028440,7
12_93124355,12,93124355,2
12_96966904,12,96966904,7
12_97125251,12,97125251,7
12_97675204,12,97675204,5
12_100869194,12,100869194,7
12_102743191,12,102743191,1
12_107609030,12,107609030,7
12_111084798,12,111084798,7
12_112081900,12,112081900,2
12_114537392,12,114537392,5
12_115108508,12,115108508,2
12_118772991,12,118772991,7
12_119312197,12,119312197,2
12_124293473,12,124293473,5
12_124777984,12,124777984,7
12_126068781,12,126068781,7
12_126520024,12,126520024,3
12_128022686,12,128022686,7
12_129482316,12,129482316,7
12_130099502,12,130099502,1
12_131909417,12,131909417,7
13_19090950,13,19090950,5
13_19865319,13,19865319,7
13_21230584,13,21230584,7
13_26011620,13,26011620,5
13_31539500,13,31539500,7
13_32117970,13,32117970,2
13_33151183,13,33151183,7
13_35047164,13,35047164,7
13_35143834,13,35143834,2
13_35993588,13,35993588,7
13_38640773,13,38640773,7
13_44156055,13,44156055,2
13_45587093,13,45587093,7
13_45823036,13,45823036,7
13_46733656,13,46733656,2
13_52992024,13,52992024,2
13_57134867,13,57134867,2
13_57323735,13,57323735,2
13_57634655,13,57634655,1
13_58635982,13,58635982,2
13_61093890,13,61093890,7
13_63537392,13,63537392,7
13_64051440,13,64051440,7
13_72022336,13,72022336,5
13_77377809,13,77377809,2
13_78412094,13,78412094,7
13_79875713,13,79875713,7
13_82440138,13,82440138,7
13_84214947,13,84214947,5
13_84345812,13,84345812,2
13_86795822,13,86795822,7
13_86881318,13,86881318,7
13_87586173,13,87586173,7
13_88291136,13,88291136,7
13_89956602,13,89956602,2
13_96530706,13,96530706,2
13_98195619,13,98195619,2
13_102873736,13,102873736,7
13_112042475,13,112042475,2
14_29262031,14,29262031,2
14_30118202,14,30118202,7
14_30479139,14,30479139,2
14_40826240,14,40826240,7
14_41956983,14,41956983,7
14_43765491,14,43765491,7
14_43906423,14,43906423,2
14_46844409,14,46844409,6
14_47482875,14,47482875,7
14_48274991,14,48274991,2
14_49502750,14,49502750,7
14_52990221,14,52990221,7
14_53787339,14,53787339,7
14_55094970,14,55094970,7
14_55100184,14,55100184,7
14_55105056,14,55105056,2
14_55819216,14,55819216,7
14_57577425,14,57577425,2
14_62264770,14,62264770,7
14_62323519,14,62323519,5
14_63977147,14,63977147,7
14_65062922,14,65062922,7
14_65478776,14,65478776,7
14_70311607,14,70311607,2
14_72474590,14,72474590,3
14_72633353,14,72633353,5
14_73198039,14,73198039,7
14_78366108,14,78366108,2
14_101240339,14,101240339,7
14_103653459,14,103653459,2
14_104944630,14,104944630,5
15_19824576,15,19824576,7
15_20661927,15,20661927,7
15_24022397,15,24022397,6
15_24882831,15,24882831,6
15_29153338,15,29153338,5
15_50519572,15,50519572,6
15_51126653,15,51126653,1
15_51201584,15,51201584,3
16_3346437,16,3346437,2
16_3981482,16,3981482,2
16_6345280,16,6345280,7
16_6726158,16,6726158,2
16_6928609,16,6928609,7
16_8482497,16,8482497,2
16_9292745,16,9292745,6
16_11504293,16,11504293,7
16_16742999,16,16742999,2
16_17442205,16,17442205,7
16_17769281,16,17769281,7
16_20189041,16,20189041,7
16_20414617,16,20414617,7
16_22885396,16,22885396,7
16_25573751,16,25573751,2
16_26011252,16,26011252,7
16_26378292,16,26378292,2
16_32019793,16,32019793,7
16_33765286,16,33765286,2
16_49181893,16,49181893,2
16_51029379,16,51029379,7
16_52180737,16,52180737,6
16_60928080,16,60928080,7
16_61111021,16,61111021,2
16_61763544,16,61763544,7
16_64442537,16,64442537,7
16_66517845,16,66517845,7
16_67628317,16,67628317,7
16_73219703,16,73219703,2
16_73796228,16,73796228,7
16_79334584,16,79334584,7
16_84499880,16,84499880,7
16_85447250,16,85447250,7
17_855107,17,855107,7
17_1760283,17,1760283,7
17_2813407,17,2813407,7
17_3299248,17,3299248,7
17_3706737,17,3706737,7
17_5759132,17,5759132,7
17_5864469,17,5864469,7
17_6618505,17,6618505,7
17_6965186,17,6965186,7
17_7674250,17,7674250,5
17_7675995,17,7675995,7
17_8653128,17,8653128,7
17_8789445,17,8789445,7
17_9101310,17,9101310,7
17_11135595,17,11135595,7
17_11142468,17,11142468,7
17_11937937,17,11937937,7
17_13070405,17,13070405,5
17_14587760,17,14587760,7
17_14589523,17,14589523,7
17_19773255,17,19773255,7
17_20795164,17,20795164,7
17_21055224,17,21055224,7
17_22203574,17,22203574,2
17_26997435,17,26997435,7
17_28946089,17,28946089,7
17_32040344,17,32040344,2
17_32289746,17,32289746,7
17_34228281,17,34228281,7
17_35258435,17,35258435,3
17_35690199,17,35690199,5
17_37070816,17,37070816,7
17_40940493,17,40940493,7
17_41076668,17,41076668,7
17_44372592,17,44372592,4
17_45851302,17,45851302,7
17_45868384,17,45868384,7
17_47582936,17,47582936,7
17_48595414,17,48595414,7
17_48647309,17,48647309,7
17_49011829,17,49011829,7
17_52055611,17,52055611,7
17_52623250,17,52623250,7
17_54597373,17,54597373,7
17_55388320,17,55388320,7
17_57974815,17,57974815,7
17_58357806,17,58357806,7
17_59050567,17,59050567,7
17_65478245,17,65478245,7
17_66682668,17,66682668,7
17_69898552,17,69898552,7
17_70081483,17,70081483,7
17_74623030,17,74623030,7
17_74826425,17,74826425,5
17_75647297,17,75647297,2
17_76190658,17,76190658,7
17_76506536,17,76506536,2
17_76805524,17,76805524,7
17_79462442,17,79462442,7
18_5647137,18,5647137,7
18_6240427,18,6240427,7
18_6315494,18,6315494,2
18_7590399,18,7590399,7
18_11264959,18,11264959,7
18_14494755,18,14494755,2
18_14623919,18,14623919,7
18_21126214,18,21126214,6
18_28313922,18,28313922,7
18_28579977,18,28579977,7
18_28736835,18,28736835,1
18_29053821,18,29053821,7
18_29975090,18,29975090,7
18_30595029,18,30595029,2
18_35413939,18,35413939,7
18_36297917,18,36297917,1
18_36714303,18,36714303,7
18_41699772,18,41699772,2
18_42614405,18,42614405,5
18_43300244,18,43300244,2
18_43426019,18,43426019,7
18_51736500,18,51736500,7
18_52274177,18,52274177,7
18_55551200,18,55551200,7
18_59487219,18,59487219,7
18_59941751,18,59941751,7
18_60911517,18,60911517,2
18_60927542,18,60927542,7
18_66825547,18,66825547,7
18_68492810,18,68492810,7
18_71614362,18,71614362,2
18_71830541,18,71830541,2
18_72734437,18,72734437,1
18_76228345,18,76228345,7
18_77985014,18,77985014,7
19_407491,19,407491,7
19_1452375,19,1452375,7
19_2018867,19,2018867,7
19_3242445,19,3242445,7
19_3885810,19,3885810,7
19_5075907,19,5075907,7
19_5761997,19,5761997,7
19_6696394,19,6696394,7
19_8530526,19,8530526,7
19_9228981,19,9228981,7
19_9311360,19,9311360,7
19_10140328,19,10140328,7
19_11112857,19,11112857,7
19_11240189,19,11240189,7
19_12561193,19,12561193,7
19_13430473,19,13430473,7
19_13572637,19,13572637,7
19_22916105,19,22916105,5
19_28471080,19,28471080,2
19_29481676,19,29481676,7
19_35411225,19,35411225,7
19_35961812,19,35961812,7
19_44399963,19,44399963,5
19_47670486,19,47670486,1
19_51574646,19,51574646,5
19_53253712,19,53253712,7
19_55978941,19,55978941,7
19_56117671,19,56117671,7
19_56855794,19,56855794,2
19_57399742,19,57399742,7
20_3731971,20,3731971,2
20_3773119,20,3773119,7
20_6615510,20,6615510,2
20_9044370,20,9044370,3
20_10522473,20,10522473,7
20_10527315,20,10527315,2
20_12276628,20,12276628,7
20_13939323,20,13939323,7
20_15352464,20,15352464,7
20_19047641,20,19047641,7
20_20040022,20,20040022,7
20_22828626,20,22828626,7
20_23449648,20,23449648,2
20_23520434,20,23520434,2
20_24386494,20,24386494,7
20_24483186,20,24483186,7
20_32659893,20,32659893,2
20_35254717,20,35254717,7
20_35593071,20,35593071,7
20_35717899,20,35717899,7
20_35727057,20,35727057,7
20_37502568,20,37502568,7
20_39414157,20,39414157,7
20_39788798,20,39788798,7
20_40017387,20,40017387,2
20_40109313,20,40109313,2
20_40527551,20,40527551,7
20_41794244,20,41794244,1
20_41841425,20,41841425,7
20_42622499,20,42622499,7
20_43950801,20,43950801,7
20_46306953,20,46306953,7
20_46697485,20,46697485,7
20_46884588,20,46884588,1
20_47980187,20,47980187,7
20_51873696,20,51873696,2
20_52681885,20,52681885,3
20_54896160,20,54896160,2
20_55855407,20,55855407,7
20_57102626,20,57102626,7
20_58070237,20,58070237,7
20_59850242,20,59850242,7
20_60247278,20,60247278,7
20_61075852,20,61075852,2
20_61817647,20,61817647,2
20_63140872,20,63140872,7
21_10006803,21,10006803,7
21_13319840,21,13319840,2
21_13951335,21,13951335,7
21_14598781,21,14598781,2
21_16846622,21,16846622,2
21_17043695,21,17043695,2
21_17463795,21,17463795,7
21_18622369,21,18622369,7
21_18993819,21,18993819,7
21_21021806,21,21021806,7
21_21251435,21,21251435,7
21_21644207,21,21644207,2
21_22976029,21,22976029,7
21_26821275,21,26821275,5
21_27116357,21,27116357,5
21_27546671,21,27546671,2
21_28171652,21,28171652,7
21_31312770,21,31312770,2
21_31337658,21,31337658,2
21_35856433,21,35856433,1
21_35979134,21,35979134,7
21_39757980,21,39757980,7
21_40821511,21,40821511,7
21_41596799,21,41596799,7
21_44990366,21,44990366,7
22_10960131,22,10960131,7
22_17256347,22,17256347,7
22_19545560,22,19545560,7
22_24677793,22,24677793,7
22_26996659,22,26996659,7
22_27367913,22,27367913,7
22_29480230,22,29480230,7
22_29746845,22,29746845,7
22_30668412,22,30668412,7
22_32896604,22,32896604,7
22_33334845,22,33334845,7
22_44546006,22,44546006,7
22_46176691,22,46176691,7
22_48465032,22,48465032,7
22_49609678,22,49609678,2
X_593329,X,593329,7
X_797962,X,797962,7
X_1569975,X,1569975,7
X_2496445,X,2496445,2
