case_chrs_pos,samples,SBS1,SBS2,SBS5,SBS13,SBS17a,SBS17b,SBS28,SBS40,clusterNo
case2_10_10038554,case2_S10,0.000122042,0.0,0.301221505,0.0,0.0,0.0,0.0,0.698656453,1
case2_10_54406114,case2_S10,0.041084414,0.0,0.63045969,0.0,0.0,0.0,0.0,0.328455896,1
case2_10_10619116,case2_S2,7.8e-15,0.0,0.186907275,0.0,0.0,0.0,0.0,0.813092725,5
case2_10_86334226,case2_S2,0.058018139,0.0,0.499543241,0.0,0.0,0.0,0.0,0.44243862,5
case2_10_95589610,case2_S2,0.020200046,0.0,0.396982532,0.0,0.0,0.0,0.0,0.582817422,5
case2_10_124342802,case2_S2,0.000728723,0.0,0.455477239,0.0,0.0,0.0,0.0,0.543794038,5
case2_11_8820100,case2_S2,0.005484285,0.0,0.499545135,0.0,0.0,0.0,0.0,0.49497058,7
case2_11_14347141,case2_S2,0.224182627,0.0,0.377226296,0.0,0.0,0.0,0.0,0.398591077,7
case2_11_26896207,case2_S2,0.084542755,0.0,0.466103801,0.0,0.0,0.0,0.0,0.449353444,7
case2_11_28543569,case2_S2,0.125886382,0.0,0.373042523,0.0,0.0,0.0,0.0,0.501071094,7
case2_11_36266628,case2_S2,0.87536422,0.0,0.100854013,0.0,0.0,0.0,0.0,0.023781767,7
case2_11_41904689,case2_S2,0.217125086,0.0,0.26308283,0.0,0.0,0.0,0.0,0.519792084,7
case2_11_45083724,case2_S2,0.001609132,0.0,0.247210208,0.0,0.0,0.0,0.0,0.75118066,7
case2_11_47422302,case2_S2,0.013700232,0.0,0.539710319,0.0,0.0,0.0,0.0,0.446589449,7
case2_11_49547811,case2_S2,0.102867879,0.0,0.380208423,0.0,0.0,0.0,0.0,0.516923697,7
case2_11_56184229,case2_S2,0.977040689,0.0,0.021346697,0.0,0.0,0.0,0.0,0.001612614,7
case2_11_63371155,case2_S2,0.065462313,0.0,0.351404318,0.0,0.0,0.0,0.0,0.583133368,7
case2_11_77649459,case2_S2,0.028067265,0.0,0.351313017,0.0,0.0,0.0,0.0,0.620619718,7
case2_11_81995139,case2_S2,0.005484285,0.0,0.499545135,0.0,0.0,0.0,0.0,0.49497058,7
case2_11_84536362,case2_S2,0.111425627,0.0,0.407233459,0.0,0.0,0.0,0.0,0.481340914,7
case2_11_86358062,case2_S2,0.977040689,0.0,0.021346697,0.0,0.0,0.0,0.0,0.001612614,7
case2_11_87266798,case2_S2,0.084542755,0.0,0.466103801,0.0,0.0,0.0,0.0,0.449353444,7
case2_11_87635902,case2_S2,0.051011368,0.0,0.272537665,0.0,0.0,0.0,0.0,0.676450967,7
case2_11_91592397,case2_S2,0.035162501,0.0,0.581711393,0.0,0.0,0.0,0.0,0.383126105,7
case2_11_97317950,case2_S2,8.31e-05,0.0,0.231563751,0.0,0.0,0.0,0.0,0.768353164,7
case2_11_101769207,case2_S2,0.082401299,0.0,0.468692158,0.0,0.0,0.0,0.0,0.448906543,7
case2_11_104181629,case2_S2,0.224182627,0.0,0.377226296,0.0,0.0,0.0,0.0,0.398591077,7
case2_11_108090718,case2_S2,0.125886382,0.0,0.373042523,0.0,0.0,0.0,0.0,0.501071094,7
case2_11_109916413,case2_S2,0.010592883,0.0,0.579364775,0.0,0.0,0.0,0.0,0.410042341,7
case2_11_110393542,case2_S2,0.977040689,0.0,0.021346697,0.0,0.0,0.0,0.0,0.001612614,7
case2_11_110554368,case2_S2,0.000455783,0.0,0.36265984,0.0,0.0,0.0,0.0,0.636884377,7
case2_11_114958625,case2_S2,0.002082156,0.0,0.516257914,0.0,0.0,0.0,0.0,0.48165993,7
case2_11_118873810,case2_S2,0.813004209,0.0,0.15164205,0.0,0.0,0.0,0.0,0.035353741,7
case2_11_127838676,case2_S2,0.04097465,0.0,0.19164014,0.0,0.0,0.0,0.0,0.76738521,7
case2_11_130549260,case2_S2,0.019338632,0.0,0.260823439,0.0,0.0,0.0,0.0,0.719837929,7
case2_11_131292944,case2_S2,0.033773912,0.0,0.281349966,0.0,0.0,0.0,0.0,0.684876122,7
case2_11_134956623,case2_S2,0.87536422,0.0,0.100854013,0.0,0.0,0.0,0.0,0.023781767,7
case2_11_6606098,case2_S4,0.920497585,0.0,0.065752775,0.0,0.0,0.0,0.0,0.01374964,2
case2_11_37707931,case2_S4,0.034541242,0.0,0.328956386,0.0,0.0,0.0,0.0,0.636502372,7
case2_11_44030372,case2_S4,0.985752641,0.0,0.013352821,0.0,0.0,0.0,0.0,0.000894539,2
case2_11_45079937,case2_S4,9.52e-15,0.0,0.2216227,0.0,0.0,0.0,0.0,0.7783773,2
case2_11_55732585,case2_S4,0.015501529,0.0,0.460409412,0.0,0.0,0.0,0.0,0.524089059,7
case2_11_64218124,case2_S4,0.985752641,0.0,0.013352821,0.0,0.0,0.0,0.0,0.000894539,2
case2_11_77053197,case2_S4,0.008538393,0.0,0.255742642,0.0,0.0,0.0,0.0,0.735718965,2
case2_11_90930831,case2_S4,0.001704298,0.0,0.162873971,0.0,0.0,0.0,0.0,0.835421731,2
case2_11_93338101,case2_S4,0.956809945,0.0,0.043190055,0.0,0.0,0.0,0.0,2.14e-17,2
case2_11_106249354,case2_S4,0.10839141,0.0,0.360742786,0.0,0.0,0.0,0.0,0.530865804,2
case2_11_107056367,case2_S4,0.005667829,0.0,0.330824478,0.0,0.0,0.0,0.0,0.663507692,2
case2_11_120695752,case2_S4,0.956809945,0.0,0.043190055,0.0,0.0,0.0,0.0,2.14e-17,2
case2_11_121996893,case2_S4,0.117770327,0.0,0.411684104,0.0,0.0,0.0,0.0,0.470545569,2
case2_12_77536696,case2_S10,0.939429229,0.0,0.060570771,0.0,0.0,0.0,0.0,2.37e-17,3
case2_12_102743191,case2_S10,9.75e-15,0.0,0.340651995,0.0,0.0,0.0,0.0,0.659348005,1
case2_12_126520024,case2_S10,0.008242029,0.0,0.224294576,0.0,0.0,0.0,0.0,0.767463395,3
case2_12_130099502,case2_S10,0.028288039,0.0,0.384808079,0.0,0.0,0.0,0.0,0.586903881,1
case2_12_663128,case2_S2,0.020049516,0.0,0.307976244,0.0,0.0,0.0,0.0,0.671974241,7
case2_12_1381690,case2_S2,0.10523602,0.0,0.422002673,0.0,0.0,0.0,0.0,0.472761306,7
case2_12_2184222,case2_S2,0.813004209,0.0,0.15164205,0.0,0.0,0.0,0.0,0.035353741,7
case2_12_2897302,case2_S2,0.932134418,0.0,0.067865582,0.0,0.0,0.0,0.0,3.79e-17,7
case2_12_4213838,case2_S2,8.31e-05,0.0,0.231563751,0.0,0.0,0.0,0.0,0.768353164,7
case2_12_7393242,case2_S2,0.10523602,0.0,0.422002673,0.0,0.0,0.0,0.0,0.472761306,7
case2_12_18524237,case2_S2,0.04097465,0.0,0.19164014,0.0,0.0,0.0,0.0,0.76738521,7
case2_12_23274349,case2_S2,0.005484285,0.0,0.499545135,0.0,0.0,0.0,0.0,0.49497058,5
case2_12_27684361,case2_S2,0.87536422,0.0,0.100854013,0.0,0.0,0.0,0.0,0.023781767,7
case2_12_34009585,case2_S2,0.033773912,0.0,0.281349966,0.0,0.0,0.0,0.0,0.684876122,7
case2_12_40293666,case2_S2,0.005484285,0.0,0.499545135,0.0,0.0,0.0,0.0,0.49497058,7
case2_12_42073836,case2_S2,0.000852762,0.0,0.384881298,0.0,0.0,0.0,0.0,0.61426594,7
case2_12_54809954,case2_S2,8.31e-05,0.0,0.231563751,0.0,0.0,0.0,0.0,0.768353164,7
case2_12_57047164,case2_S2,0.004367974,0.0,0.240618624,0.0,0.0,0.0,0.0,0.755013402,7
case2_12_57757424,case2_S2,0.932134418,0.0,0.067865582,0.0,0.0,0.0,0.0,3.79e-17,7
case2_12_58416102,case2_S2,5.83e-15,0.0,0.263257056,0.0,0.0,0.0,0.0,0.736742944,7
case2_12_60416140,case2_S2,0.217125086,0.0,0.26308283,0.0,0.0,0.0,0.0,0.519792084,7
case2_12_61492356,case2_S2,0.000955389,0.0,0.147264974,0.0,0.0,0.0,0.0,0.851779637,7
case2_12_67346951,case2_S2,0.10523602,0.0,0.422002673,0.0,0.0,0.0,0.0,0.472761306,7
case2_12_70720221,case2_S2,0.001714121,0.0,0.51483676,0.0,0.0,0.0,0.0,0.483449119,7
case2_12_73917441,case2_S2,0.039937436,0.0,0.4122803,0.0,0.0,0.0,0.0,0.547782263,7
case2_12_74026889,case2_S2,0.000455783,0.0,0.36265984,0.0,0.0,0.0,0.0,0.636884377,7
case2_12_79981452,case2_S2,0.224182627,0.0,0.377226296,0.0,0.0,0.0,0.0,0.398591077,7
case2_12_80683598,case2_S2,0.977040689,0.0,0.021346697,0.0,0.0,0.0,0.0,0.001612614,7
case2_12_80733192,case2_S2,0.217125086,0.0,0.26308283,0.0,0.0,0.0,0.0,0.519792084,7
case2_12_85183335,case2_S2,0.813004209,0.0,0.15164205,0.0,0.0,0.0,0.0,0.035353741,7
case2_12_86347666,case2_S2,0.002082156,0.0,0.516257914,0.0,0.0,0.0,0.0,0.48165993,7
case2_12_87028440,case2_S2,8.64e-15,0.0,0.260834415,0.0,0.0,0.0,0.0,0.739165585,7
case2_12_96966904,case2_S2,0.036931544,0.0,0.185329869,0.0,0.0,0.0,0.0,0.777738587,7
case2_12_97125251,case2_S2,0.082401299,0.0,0.468692158,0.0,0.0,0.0,0.0,0.448906543,7
case2_12_97675204,case2_S2,0.028067265,0.0,0.351313017,0.0,0.0,0.0,0.0,0.620619718,5
case2_12_100869194,case2_S2,0.10523602,0.0,0.422002673,0.0,0.0,0.0,0.0,0.472761306,7
case2_12_107609030,case2_S2,0.035162501,0.0,0.581711393,0.0,0.0,0.0,0.0,0.383126105,7
case2_12_111084798,case2_S2,0.932134418,0.0,0.067865582,0.0,0.0,0.0,0.0,3.79e-17,7
case2_12_114537392,case2_S2,0.00248919,0.0,0.378561436,0.0,0.0,0.0,0.0,0.618949374,5
case2_12_118772991,case2_S2,9.13e-15,0.0,0.355088699,0.0,0.0,0.0,0.0,0.644911301,7
case2_12_124293473,case2_S2,0.004230535,0.0,0.384155961,0.0,0.0,0.0,0.0,0.611613503,5
case2_12_124777984,case2_S2,0.016183993,0.0,0.275792786,0.0,0.0,0.0,0.0,0.708023221,7
case2_12_126068781,case2_S2,0.977040689,0.0,0.021346697,0.0,0.0,0.0,0.0,0.001612614,7
case2_12_128022686,case2_S2,0.813004209,0.0,0.15164205,0.0,0.0,0.0,0.0,0.035353741,7
case2_12_129482316,case2_S2,2.87e-15,0.0,0.34902608,0.0,0.0,0.0,0.0,0.65097392,7
case2_12_131909417,case2_S2,0.87536422,0.0,0.100854013,0.0,0.0,0.0,0.0,0.023781767,7
case2_12_6430365,case2_S4,0.002921555,0.0,0.544038125,0.0,0.0,0.0,0.0,0.45304032,2
case2_12_17178436,case2_S4,0.000792021,0.0,0.390719416,0.0,0.0,0.0,0.0,0.608488563,2
case2_12_18648358,case2_S4,0.010696197,0.0,0.409816427,0.0,0.0,0.0,0.0,0.579487375,2
case2_12_21228247,case2_S4,0.023069925,0.0,0.563463821,0.0,0.0,0.0,0.0,0.413466254,2
case2_12_28238086,case2_S4,0.010171925,0.0,0.669957759,0.0,0.0,0.0,0.0,0.319870316,2
case2_12_30436470,case2_S4,0.05605541,0.0,0.413707475,0.0,0.0,0.0,0.0,0.530237115,2
case2_12_34104496,case2_S4,0.004310287,0.0,0.406416674,0.0,0.0,0.0,0.0,0.589273039,7
case2_12_64256702,case2_S4,0.956809945,0.0,0.043190055,0.0,0.0,0.0,0.0,2.14e-17,2
case2_12_81092963,case2_S4,0.070438638,0.0,0.204253366,0.0,0.0,0.0,0.0,0.725307995,2
case2_12_81945283,case2_S4,0.117770327,0.0,0.411684104,0.0,0.0,0.0,0.0,0.470545569,2
case2_12_86211288,case2_S4,0.956809945,0.0,0.043190055,0.0,0.0,0.0,0.0,2.14e-17,2
case2_12_93124355,case2_S4,0.920497585,0.0,0.065752775,0.0,0.0,0.0,0.0,0.01374964,2
case2_12_112081900,case2_S4,5.33e-15,0.0,0.258297508,0.0,0.0,0.0,0.0,0.741702492,2
case2_12_115108508,case2_S4,0.05605541,0.0,0.413707475,0.0,0.0,0.0,0.0,0.530237115,2
case2_12_119312197,case2_S4,0.985752641,0.0,0.013352821,0.0,0.0,0.0,0.0,0.000894539,2
case2_13_57634655,case2_S10,0.278491617,0.0,0.414992391,0.0,0.0,0.0,0.0,0.306515992,1
case2_13_19090950,case2_S2,0.977040689,0.0,0.021346697,0.0,0.0,0.0,0.0,0.001612614,5
case2_13_19865319,case2_S2,0.028067265,0.0,0.351313017,0.0,0.0,0.0,0.0,0.620619718,7
case2_13_21230584,case2_S2,7.8e-15,0.0,0.186907275,0.0,0.0,0.0,0.0,0.813092725,7
case2_13_26011620,case2_S2,0.013700232,0.0,0.539710319,0.0,0.0,0.0,0.0,0.446589449,5
case2_13_31539500,case2_S2,0.032007314,0.0,0.554627583,0.0,0.0,0.0,0.0,0.413365103,7
case2_13_33151183,case2_S2,0.058018139,0.0,0.499543241,0.0,0.0,0.0,0.0,0.44243862,7
case2_13_35047164,case2_S2,0.87536422,0.0,0.100854013,0.0,0.0,0.0,0.0,0.023781767,7
case2_13_35993588,case2_S2,0.87536422,0.0,0.100854013,0.0,0.0,0.0,0.0,0.023781767,7
case2_13_38640773,case2_S2,0.932134418,0.0,0.067865582,0.0,0.0,0.0,0.0,3.79e-17,7
case2_13_45587093,case2_S2,0.011684899,0.0,0.275753124,0.0,0.0,0.0,0.0,0.712561977,7
case2_13_45823036,case2_S2,0.87536422,0.0,0.100854013,0.0,0.0,0.0,0.0,0.023781767,7
case2_13_61093890,case2_S2,0.034586878,0.0,0.405978124,0.0,0.0,0.0,0.0,0.559434998,7
case2_13_63537392,case2_S2,0.032007314,0.0,0.554627583,0.0,0.0,0.0,0.0,0.413365103,7
case2_13_64051440,case2_S2,0.002385098,0.0,0.132726519,0.0,0.0,0.0,0.0,0.864888384,7
case2_13_72022336,case2_S2,0.002082156,0.0,0.516257914,0.0,0.0,0.0,0.0,0.48165993,5
case2_13_78412094,case2_S2,0.813004209,0.0,0.15164205,0.0,0.0,0.0,0.0,0.035353741,7
case2_13_79875713,case2_S2,0.10523602,0.0,0.422002673,0.0,0.0,0.0,0.0,0.472761306,7
case2_13_82440138,case2_S2,2.87e-15,0.0,0.34902608,0.0,0.0,0.0,0.0,0.65097392,7
case2_13_84214947,case2_S2,0.932134418,0.0,0.067865582,0.0,0.0,0.0,0.0,3.79e-17,5
case2_13_86795822,case2_S2,0.011684899,0.0,0.275753124,0.0,0.0,0.0,0.0,0.712561977,7
case2_13_86881318,case2_S2,0.000955389,0.0,0.147264974,0.0,0.0,0.0,0.0,0.851779637,7
case2_13_87586173,case2_S2,0.977040689,0.0,0.021346697,0.0,0.0,0.0,0.0,0.001612614,7
case2_13_88291136,case2_S2,0.020200046,0.0,0.396982532,0.0,0.0,0.0,0.0,0.582817422,7
case2_13_102873736,case2_S2,0.813004209,0.0,0.15164205,0.0,0.0,0.0,0.0,0.035353741,7
case2_13_32117970,case2_S4,0.331038495,0.0,0.345354841,0.0,0.0,0.0,0.0,0.323606664,2
case2_13_35143834,case2_S4,1.18e-14,0.0,0.28939243,0.0,0.0,0.0,0.0,0.71060757,2
case2_13_44156055,case2_S4,0.023069925,0.0,0.563463821,0.0,0.0,0.0,0.0,0.413466254,2
case2_13_46733656,case2_S4,0.05605541,0.0,0.413707475,0.0,0.0,0.0,0.0,0.530237115,2
case2_13_52992024,case2_S4,0.009337509,0.0,0.52731826,0.0,0.0,0.0,0.0,0.463344231,2
case2_13_57323735,case2_S4,0.000146767,0.0,0.253608879,0.0,0.0,0.0,0.0,0.746244354,2
case2_13_58635982,case2_S4,0.167892974,0.0,0.41741721,0.0,0.0,0.0,0.0,0.414689815,2
case2_13_77377809,case2_S4,0.015059809,0.0,0.37320615,0.0,0.0,0.0,0.0,0.611734041,2
case2_13_84345812,case2_S4,0.331038495,0.0,0.345354841,0.0,0.0,0.0,0.0,0.323606664,2
case2_13_89956602,case2_S4,0.063736178,0.0,0.19829922,0.0,0.0,0.0,0.0,0.737964602,2
case2_13_96530706,case2_S4,0.165168717,0.0,0.37849207,0.0,0.0,0.0,0.0,0.456339213,2
case2_13_98195619,case2_S4,0.007310709,0.0,0.411584311,0.0,0.0,0.0,0.0,0.581104979,2
case2_13_112042475,case2_S4,5.33e-15,0.0,0.258297508,0.0,0.0,0.0,0.0,0.741702492,2
case2_14_46844409,case2_S10,0.980036494,0.0,0.01896218,0.0,0.0,0.0,0.0,0.001001326,6
case2_14_72474590,case2_S10,0.980036494,0.0,0.01896218,0.0,0.0,0.0,0.0,0.001001326,3
case2_14_30118202,case2_S2,0.021921026,0.0,0.226656774,0.0,0.0,0.0,0.0,0.7514222,7
case2_14_40826240,case2_S2,0.977040689,0.0,0.021346697,0.0,0.0,0.0,0.0,0.001612614,7
case2_14_41956983,case2_S2,0.001596744,0.0,0.352480657,0.0,0.0,0.0,0.0,0.645922599,7
case2_14_43765491,case2_S2,0.02219829,0.0,0.442929539,0.0,0.0,0.0,0.0,0.534872172,7
case2_14_47482875,case2_S2,0.036931544,0.0,0.185329869,0.0,0.0,0.0,0.0,0.777738587,7
case2_14_49502750,case2_S2,0.033773912,0.0,0.281349966,0.0,0.0,0.0,0.0,0.684876122,7
case2_14_52990221,case2_S2,0.000455783,0.0,0.36265984,0.0,0.0,0.0,0.0,0.636884377,7
case2_14_53787339,case2_S2,0.011684899,0.0,0.275753124,0.0,0.0,0.0,0.0,0.712561977,7
case2_14_55094970,case2_S2,0.009720614,0.0,0.207448933,0.0,0.0,0.0,0.0,0.782830453,7
case2_14_55100184,case2_S2,0.977040689,0.0,0.021346697,0.0,0.0,0.0,0.0,0.001612614,7
case2_14_55819216,case2_S2,0.011684899,0.0,0.275753124,0.0,0.0,0.0,0.0,0.712561977,7
case2_14_62264770,case2_S2,0.00248919,0.0,0.378561436,0.0,0.0,0.0,0.0,0.618949374,7
case2_14_62323519,case2_S2,0.001714121,0.0,0.51483676,0.0,0.0,0.0,0.0,0.483449119,5
case2_14_63977147,case2_S2,0.002385098,0.0,0.132726519,0.0,0.0,0.0,0.0,0.864888384,7
case2_14_65062922,case2_S2,0.051011368,0.0,0.272537665,0.0,0.0,0.0,0.0,0.676450967,7
case2_14_65478776,case2_S2,0.047854123,0.0,0.436815926,0.0,0.0,0.0,0.0,0.515329951,7
case2_14_72633353,case2_S2,0.000455783,0.0,0.36265984,0.0,0.0,0.0,0.0,0.636884377,5
case2_14_73198039,case2_S2,0.008706914,0.0,0.348021882,0.0,0.0,0.0,0.0,0.643271204,7
case2_14_101240339,case2_S2,0.041743599,0.0,0.184768377,0.0,0.0,0.0,0.0,0.773488024,7
case2_14_104944630,case2_S2,0.001256342,0.0,0.584235398,0.0,0.0,0.0,0.0,0.414508259,5
case2_14_29262031,case2_S4,0.051347239,0.0,0.21213779,0.0,0.0,0.0,0.0,0.736514971,2
case2_14_30479139,case2_S4,0.956809945,0.0,0.043190055,0.0,0.0,0.0,0.0,2.14e-17,2
case2_14_43906423,case2_S4,0.051347239,0.0,0.21213779,0.0,0.0,0.0,0.0,0.736514971,2
case2_14_48274991,case2_S4,0.198978067,0.0,0.365571084,0.0,0.0,0.0,0.0,0.43545085,2
case2_14_55105056,case2_S4,0.009936439,0.0,0.269327582,0.0,0.0,0.0,0.0,0.720735979,2
case2_14_57577425,case2_S4,9.23e-15,0.0,0.440372907,0.0,0.0,0.0,0.0,0.559627093,2
case2_14_70311607,case2_S4,0.012879122,0.0,0.465699482,0.0,0.0,0.0,0.0,0.521421395,2
case2_14_78366108,case2_S4,0.020341929,0.0,0.297628591,0.0,0.0,0.0,0.0,0.68202948,2
case2_14_103653459,case2_S4,0.177272916,0.0,0.401687021,0.0,0.0,0.0,0.0,0.421040062,2
case2_15_24882831,case2_S10,0.054111863,0.0,0.24047417,0.0,0.0,0.0,0.0,0.705413967,6
case2_15_51126653,case2_S10,3.16e-14,0.0,0.372495505,0.0,0.0,0.0,0.0,0.627504495,1
case2_15_51201584,case2_S10,0.939429229,0.0,0.060570771,0.0,0.0,0.0,0.0,2.37e-17,3
case2_15_19824576,case2_S2,0.006198275,0.0,0.383039656,0.0,0.0,0.0,0.0,0.61076207,7
case2_15_20661927,case2_S2,0.977040689,0.0,0.021346697,0.0,0.0,0.0,0.0,0.001612614,7
case2_15_24022397,case2_S2,0.043847238,0.0,0.307236695,0.0,0.0,0.0,0.0,0.648916067,6
case2_15_29153338,case2_S2,0.125886382,0.0,0.373042523,0.0,0.0,0.0,0.0,0.501071094,5
case2_15_50519572,case2_S2,0.87536422,0.0,0.100854013,0.0,0.0,0.0,0.0,0.023781767,6
case2_16_6345280,case2_S2,0.932134418,0.0,0.067865582,0.0,0.0,0.0,0.0,3.79e-17,7
case2_16_6928609,case2_S2,0.006198275,0.0,0.383039656,0.0,0.0,0.0,0.0,0.61076207,7
case2_16_9292745,case2_S2,7.8e-15,0.0,0.186907275,0.0,0.0,0.0,0.0,0.813092725,6
case2_16_11504293,case2_S2,0.977040689,0.0,0.021346697,0.0,0.0,0.0,0.0,0.001612614,7
case2_16_17442205,case2_S2,0.029627612,0.0,0.197428819,0.0,0.0,0.0,0.0,0.77294357,7
case2_16_17769281,case2_S2,0.004230535,0.0,0.384155961,0.0,0.0,0.0,0.0,0.611613503,7
case2_16_20189041,case2_S2,0.082401299,0.0,0.468692158,0.0,0.0,0.0,0.0,0.448906543,7
case2_16_20414617,case2_S2,6.72e-15,0.0,0.265325324,0.0,0.0,0.0,0.0,0.734674676,7
case2_16_22885396,case2_S2,0.071915728,0.0,0.405475912,0.0,0.0,0.0,0.0,0.52260836,7
case2_16_26011252,case2_S2,8.31e-05,0.0,0.231563751,0.0,0.0,0.0,0.0,0.768353164,7
case2_16_32019793,case2_S2,0.813004209,0.0,0.15164205,0.0,0.0,0.0,0.0,0.035353741,7
case2_16_51029379,case2_S2,0.932134418,0.0,0.067865582,0.0,0.0,0.0,0.0,3.79e-17,7
case2_16_52180737,case2_S2,0.932134418,0.0,0.067865582,0.0,0.0,0.0,0.0,3.79e-17,6
case2_16_60928080,case2_S2,0.032007314,0.0,0.554627583,0.0,0.0,0.0,0.0,0.413365103,7
case2_16_61763544,case2_S2,0.10523602,0.0,0.422002673,0.0,0.0,0.0,0.0,0.472761306,7
case2_16_64442537,case2_S2,2.87e-15,0.0,0.34902608,0.0,0.0,0.0,0.0,0.65097392,7
case2_16_66517845,case2_S2,0.007073874,0.0,0.52740056,0.0,0.0,0.0,0.0,0.465525566,7
case2_16_67628317,case2_S2,0.041743599,0.0,0.184768377,0.0,0.0,0.0,0.0,0.773488024,7
case2_16_73796228,case2_S2,0.004367974,0.0,0.240618624,0.0,0.0,0.0,0.0,0.755013402,7
case2_16_79334584,case2_S2,0.977040689,0.0,0.021346697,0.0,0.0,0.0,0.0,0.001612614,7
case2_16_84499880,case2_S2,0.977040689,0.0,0.021346697,0.0,0.0,0.0,0.0,0.001612614,7
case2_16_85447250,case2_S2,0.034586878,0.0,0.405978124,0.0,0.0,0.0,0.0,0.559434998,7
case2_16_3346437,case2_S4,0.198978067,0.0,0.365571084,0.0,0.0,0.0,0.0,0.43545085,2
case2_16_3981482,case2_S4,0.877539191,0.0,0.10147999,0.0,0.0,0.0,0.0,0.020980819,2
case2_16_6726158,case2_S4,0.009936439,0.0,0.269327582,0.0,0.0,0.0,0.0,0.720735979,2
case2_16_8482497,case2_S4,0.956809945,0.0,0.043190055,0.0,0.0,0.0,0.0,2.14e-17,2
case2_16_16742999,case2_S4,0.011989419,0.0,0.55420245,0.0,0.0,0.0,0.0,0.433808131,2
case2_16_25573751,case2_S4,0.956809945,0.0,0.043190055,0.0,0.0,0.0,0.0,2.14e-17,2
case2_16_26378292,case2_S4,0.002124426,0.0,0.612503526,0.0,0.0,0.0,0.0,0.385372048,2
case2_16_33765286,case2_S4,0.920497585,0.0,0.065752775,0.0,0.0,0.0,0.0,0.01374964,2
case2_16_49181893,case2_S4,0.985752641,0.0,0.013352821,0.0,0.0,0.0,0.0,0.000894539,2
case2_16_61111021,case2_S4,0.177272916,0.0,0.401687021,0.0,0.0,0.0,0.0,0.421040062,2
case2_16_73219703,case2_S4,0.136357271,0.0,0.455884326,0.0,0.0,0.0,0.0,0.407758402,2
case2_17_855107,case2_S2,0.10523602,0.0,0.422002673,0.0,0.0,0.0,0.0,0.472761306,7
case2_17_2813407,case2_S2,0.003246079,0.0,0.305599706,0.0,0.0,0.0,0.0,0.691154215,7
case2_17_3299248,case2_S2,6.72e-15,0.0,0.265325324,0.0,0.0,0.0,0.0,0.734674676,7
case2_17_3706737,case2_S2,0.013700232,0.0,0.539710319,0.0,0.0,0.0,0.0,0.446589449,7
case2_17_5759132,case2_S2,0.932134418,0.0,0.067865582,0.0,0.0,0.0,0.0,3.79e-17,7
case2_17_5864469,case2_S2,7.8e-15,0.0,0.186907275,0.0,0.0,0.0,0.0,0.813092725,7
case2_17_6618505,case2_S2,5.11e-15,0.0,0.28166279,0.0,0.0,0.0,0.0,0.71833721,7
case2_17_6965186,case2_S2,0.004230535,0.0,0.384155961,0.0,0.0,0.0,0.0,0.611613503,7
case2_17_7674250,case2_S2,0.224182627,0.0,0.377226296,0.0,0.0,0.0,0.0,0.398591077,5
case2_17_7675995,case2_S2,0.977040689,0.0,0.021346697,0.0,0.0,0.0,0.0,0.001612614,7
case2_17_8653128,case2_S2,3.02e-15,0.0,0.235957709,0.0,0.0,0.0,0.0,0.764042291,7
case2_17_8789445,case2_S2,0.034586878,0.0,0.405978124,0.0,0.0,0.0,0.0,0.559434998,7
case2_17_9101310,case2_S2,0.019338632,0.0,0.260823439,0.0,0.0,0.0,0.0,0.719837929,7
case2_17_11135595,case2_S2,0.005661078,0.0,0.24749258,0.0,0.0,0.0,0.0,0.746846341,7
case2_17_11142468,case2_S2,0.024196036,0.0,0.276619733,0.0,0.0,0.0,0.0,0.699184232,7
case2_17_11937937,case2_S2,0.021921026,0.0,0.226656774,0.0,0.0,0.0,0.0,0.7514222,7
case2_17_13070405,case2_S2,0.007073874,0.0,0.52740056,0.0,0.0,0.0,0.0,0.465525566,5
case2_17_14587760,case2_S2,0.008012646,0.0,0.232037,0.0,0.0,0.0,0.0,0.759950353,7
case2_17_14589523,case2_S2,0.977040689,0.0,0.021346697,0.0,0.0,0.0,0.0,0.001612614,7
case2_17_19773255,case2_S2,0.033773912,0.0,0.281349966,0.0,0.0,0.0,0.0,0.684876122,7
case2_17_20795164,case2_S2,0.977040689,0.0,0.021346697,0.0,0.0,0.0,0.0,0.001612614,7
case2_17_26997435,case2_S2,0.224182627,0.0,0.377226296,0.0,0.0,0.0,0.0,0.398591077,7
case2_17_28946089,case2_S2,0.932134418,0.0,0.067865582,0.0,0.0,0.0,0.0,3.79e-17,7
case2_17_32289746,case2_S2,0.001714121,0.0,0.51483676,0.0,0.0,0.0,0.0,0.483449119,7
case2_17_34228281,case2_S2,0.000955389,0.0,0.147264974,0.0,0.0,0.0,0.0,0.851779637,7
case2_17_35690199,case2_S2,2.87e-15,0.0,0.34902608,0.0,0.0,0.0,0.0,0.65097392,5
case2_17_37070816,case2_S2,0.932134418,0.0,0.067865582,0.0,0.0,0.0,0.0,3.79e-17,7
case2_17_40940493,case2_S2,0.008706914,0.0,0.348021882,0.0,0.0,0.0,0.0,0.643271204,7
case2_17_41076668,case2_S2,0.004230535,0.0,0.384155961,0.0,0.0,0.0,0.0,0.611613503,7
case2_17_44372592,case2_S2,0.977040689,0.0,0.021346697,0.0,0.0,0.0,0.0,0.001612614,4
case2_17_45851302,case2_S2,0.977040689,0.0,0.021346697,0.0,0.0,0.0,0.0,0.001612614,7
case2_17_45868384,case2_S2,0.065462313,0.0,0.351404318,0.0,0.0,0.0,0.0,0.583133368,7
case2_17_47582936,case2_S2,0.111425627,0.0,0.407233459,0.0,0.0,0.0,0.0,0.481340914,7
case2_17_48595414,case2_S2,0.932134418,0.0,0.067865582,0.0,0.0,0.0,0.0,3.79e-17,7
case2_17_48647309,case2_S2,0.000955389,0.0,0.147264974,0.0,0.0,0.0,0.0,0.851779637,7
case2_17_49011829,case2_S2,0.102867879,0.0,0.380208423,0.0,0.0,0.0,0.0,0.516923697,7
case2_17_52055611,case2_S2,0.011684899,0.0,0.275753124,0.0,0.0,0.0,0.0,0.712561977,7
case2_17_52623250,case2_S2,0.001714121,0.0,0.51483676,0.0,0.0,0.0,0.0,0.483449119,7
case2_17_54597373,case2_S2,5.34e-15,0.0,0.411012057,0.0,0.0,0.0,0.0,0.588987943,7
case2_17_57974815,case2_S2,0.977040689,0.0,0.021346697,0.0,0.0,0.0,0.0,0.001612614,7
case2_17_59050567,case2_S2,0.007073874,0.0,0.52740056,0.0,0.0,0.0,0.0,0.465525566,7
case2_17_66682668,case2_S2,0.000947337,0.0,0.196762301,0.0,0.0,0.0,0.0,0.802290362,7
case2_17_69898552,case2_S2,0.03321346,0.0,0.395369266,0.0,0.0,0.0,0.0,0.571417275,7
case2_17_70081483,case2_S2,0.01480037,0.0,0.238358773,0.0,0.0,0.0,0.0,0.746840857,7
case2_17_74623030,case2_S2,0.932134418,0.0,0.067865582,0.0,0.0,0.0,0.0,3.79e-17,7
case2_17_74826425,case2_S2,0.87536422,0.0,0.100854013,0.0,0.0,0.0,0.0,0.023781767,5
case2_17_76190658,case2_S2,0.932134418,0.0,0.067865582,0.0,0.0,0.0,0.0,3.79e-17,7
case2_17_76805524,case2_S2,0.000728723,0.0,0.455477239,0.0,0.0,0.0,0.0,0.543794038,7
case2_17_79462442,case2_S2,0.977040689,0.0,0.021346697,0.0,0.0,0.0,0.0,0.001612614,7
case2_17_22203574,case2_S4,0.956809945,0.0,0.043190055,0.0,0.0,0.0,0.0,2.14e-17,2
case2_17_32040344,case2_S4,0.985752641,0.0,0.013352821,0.0,0.0,0.0,0.0,0.000894539,2
case2_17_75647297,case2_S4,0.956809945,0.0,0.043190055,0.0,0.0,0.0,0.0,2.14e-17,2
case2_17_76506536,case2_S4,0.877539191,0.0,0.10147999,0.0,0.0,0.0,0.0,0.020980819,2
case2_18_28736835,case2_S10,0.000122042,0.0,0.301221505,0.0,0.0,0.0,0.0,0.698656453,1
case2_18_36297917,case2_S10,0.01217553,0.0,0.430981031,0.0,0.0,0.0,0.0,0.556843439,1
case2_18_72734437,case2_S10,0.001450522,0.0,0.198002854,0.0,0.0,0.0,0.0,0.800546624,1
case2_18_5647137,case2_S2,0.011075171,0.0,0.193562122,0.0,0.0,0.0,0.0,0.795362707,7
case2_18_6240427,case2_S2,0.010592883,0.0,0.579364775,0.0,0.0,0.0,0.0,0.410042341,7
case2_18_7590399,case2_S2,2.87e-15,0.0,0.34902608,0.0,0.0,0.0,0.0,0.65097392,7
case2_18_11264959,case2_S2,0.217125086,0.0,0.26308283,0.0,0.0,0.0,0.0,0.519792084,7
case2_18_14623919,case2_S2,0.024196036,0.0,0.276619733,0.0,0.0,0.0,0.0,0.699184232,7
case2_18_21126214,case2_S2,0.977040689,0.0,0.021346697,0.0,0.0,0.0,0.0,0.001612614,6
case2_18_28313922,case2_S2,8.31e-05,0.0,0.231563751,0.0,0.0,0.0,0.0,0.768353164,7
case2_18_28579977,case2_S2,0.224182627,0.0,0.377226296,0.0,0.0,0.0,0.0,0.398591077,7
case2_18_29053821,case2_S2,0.010203187,0.0,0.29711188,0.0,0.0,0.0,0.0,0.692684932,7
case2_18_29975090,case2_S2,0.00248919,0.0,0.378561436,0.0,0.0,0.0,0.0,0.618949374,7
case2_18_35413939,case2_S2,0.001714121,0.0,0.51483676,0.0,0.0,0.0,0.0,0.483449119,7
case2_18_36714303,case2_S2,0.813004209,0.0,0.15164205,0.0,0.0,0.0,0.0,0.035353741,7
case2_18_42614405,case2_S2,0.002385098,0.0,0.132726519,0.0,0.0,0.0,0.0,0.864888384,5
case2_18_43426019,case2_S2,0.03321346,0.0,0.395369266,0.0,0.0,0.0,0.0,0.571417275,7
case2_18_51736500,case2_S2,0.125886382,0.0,0.373042523,0.0,0.0,0.0,0.0,0.501071094,7
case2_18_52274177,case2_S2,0.010592883,0.0,0.579364775,0.0,0.0,0.0,0.0,0.410042341,7
case2_18_55551200,case2_S2,0.00248919,0.0,0.378561436,0.0,0.0,0.0,0.0,0.618949374,7
case2_18_59487219,case2_S2,0.000955389,0.0,0.147264974,0.0,0.0,0.0,0.0,0.851779637,7
case2_18_59941751,case2_S2,0.932134418,0.0,0.067865582,0.0,0.0,0.0,0.0,3.79e-17,7
case2_18_60927542,case2_S2,0.005489967,0.0,0.168704376,0.0,0.0,0.0,0.0,0.825805658,7
case2_18_66825547,case2_S2,0.932134418,0.0,0.067865582,0.0,0.0,0.0,0.0,3.79e-17,7
case2_18_68492810,case2_S2,3.02e-15,0.0,0.235957709,0.0,0.0,0.0,0.0,0.764042291,7
case2_18_76228345,case2_S2,0.011684899,0.0,0.275753124,0.0,0.0,0.0,0.0,0.712561977,7
case2_18_77985014,case2_S2,0.977040689,0.0,0.021346697,0.0,0.0,0.0,0.0,0.001612614,7
case2_18_6315494,case2_S4,0.920497585,0.0,0.065752775,0.0,0.0,0.0,0.0,0.01374964,2
case2_18_14494755,case2_S4,0.326002852,0.0,0.244901217,0.0,0.0,0.0,0.0,0.429095931,2
case2_18_30595029,case2_S4,0.117770327,0.0,0.411684104,0.0,0.0,0.0,0.0,0.470545569,2
case2_18_41699772,case2_S4,0.177272916,0.0,0.401687021,0.0,0.0,0.0,0.0,0.421040062,2
case2_18_43300244,case2_S4,0.071777316,0.0,0.19697541,0.0,0.0,0.0,0.0,0.731247273,2
case2_18_60911517,case2_S4,0.004310287,0.0,0.406416674,0.0,0.0,0.0,0.0,0.589273039,2
case2_18_71614362,case2_S4,0.019218805,0.0,0.346847941,0.0,0.0,0.0,0.0,0.633933254,2
case2_18_71830541,case2_S4,0.001251875,0.0,0.485123193,0.0,0.0,0.0,0.0,0.513624932,2
case2_19_47670486,case2_S10,0.003452953,0.0,0.465047177,0.0,0.0,0.0,0.0,0.53149987,1
case2_19_407491,case2_S2,0.813004209,0.0,0.15164205,0.0,0.0,0.0,0.0,0.035353741,7
case2_19_1452375,case2_S2,0.932134418,0.0,0.067865582,0.0,0.0,0.0,0.0,3.79e-17,7
case2_19_2018867,case2_S2,0.224182627,0.0,0.377226296,0.0,0.0,0.0,0.0,0.398591077,7
case2_19_3242445,case2_S2,0.932134418,0.0,0.067865582,0.0,0.0,0.0,0.0,3.79e-17,7
case2_19_3885810,case2_S2,0.977040689,0.0,0.021346697,0.0,0.0,0.0,0.0,0.001612614,7
case2_19_5761997,case2_S2,0.005489967,0.0,0.168704376,0.0,0.0,0.0,0.0,0.825805658,7
case2_19_6696394,case2_S2,0.006198275,0.0,0.383039656,0.0,0.0,0.0,0.0,0.61076207,7
case2_19_8530526,case2_S2,0.004230535,0.0,0.384155961,0.0,0.0,0.0,0.0,0.611613503,7
case2_19_9228981,case2_S2,0.87536422,0.0,0.100854013,0.0,0.0,0.0,0.0,0.023781767,7
case2_19_9311360,case2_S2,0.932134418,0.0,0.067865582,0.0,0.0,0.0,0.0,3.79e-17,7
case2_19_10140328,case2_S2,0.010203187,0.0,0.29711188,0.0,0.0,0.0,0.0,0.692684932,7
case2_19_11112857,case2_S2,0.000728723,0.0,0.455477239,0.0,0.0,0.0,0.0,0.543794038,7
case2_19_11240189,case2_S2,0.000455783,0.0,0.36265984,0.0,0.0,0.0,0.0,0.636884377,7
case2_19_12561193,case2_S2,0.000924683,0.0,0.344594,0.0,0.0,0.0,0.0,0.654481317,7
case2_19_13430473,case2_S2,0.007073874,0.0,0.52740056,0.0,0.0,0.0,0.0,0.465525566,7
case2_19_13572637,case2_S2,0.00248919,0.0,0.378561436,0.0,0.0,0.0,0.0,0.618949374,7
case2_19_22916105,case2_S2,0.005489967,0.0,0.168704376,0.0,0.0,0.0,0.0,0.825805658,5
case2_19_29481676,case2_S2,0.033773912,0.0,0.281349966,0.0,0.0,0.0,0.0,0.684876122,7
case2_19_35411225,case2_S2,0.028067265,0.0,0.351313017,0.0,0.0,0.0,0.0,0.620619718,7
case2_19_35961812,case2_S2,0.932134418,0.0,0.067865582,0.0,0.0,0.0,0.0,3.79e-17,7
case2_19_44399963,case2_S2,0.217125086,0.0,0.26308283,0.0,0.0,0.0,0.0,0.519792084,5
case2_19_51574646,case2_S2,0.001714121,0.0,0.51483676,0.0,0.0,0.0,0.0,0.483449119,5
case2_19_53253712,case2_S2,0.102867879,0.0,0.380208423,0.0,0.0,0.0,0.0,0.516923697,7
case2_19_55978941,case2_S2,0.217125086,0.0,0.26308283,0.0,0.0,0.0,0.0,0.519792084,7
case2_19_56117671,case2_S2,0.87536422,0.0,0.100854013,0.0,0.0,0.0,0.0,0.023781767,7
case2_19_28471080,case2_S4,0.086181969,0.0,0.285471671,0.0,0.0,0.0,0.0,0.62834636,2
case2_19_56855794,case2_S4,0.877539191,0.0,0.10147999,0.0,0.0,0.0,0.0,0.020980819,2
case2_1_19700705,case2_S10,0.003452953,0.0,0.465047177,0.0,0.0,0.0,0.0,0.53149987,1
case2_1_77773350,case2_S10,0.838857243,0.0,0.138561608,0.0,0.0,0.0,0.0,0.022581149,3
case2_1_161226648,case2_S10,0.059753684,0.0,0.247493569,0.0,0.0,0.0,0.0,0.692752747,1
case2_1_203272079,case2_S10,7.33e-15,0.0,0.499574462,0.0,0.0,0.0,0.0,0.500425538,5
case2_1_223527665,case2_S10,0.014532053,0.0,0.374747822,0.0,0.0,0.0,0.0,0.610720126,5
case2_1_236154237,case2_S10,0.838857243,0.0,0.138561608,0.0,0.0,0.0,0.0,0.022581149,1
case2_1_4110528,case2_S2,0.932134418,0.0,0.067865582,0.0,0.0,0.0,0.0,3.79e-17,7
case2_1_9247597,case2_S2,0.004230535,0.0,0.384155961,0.0,0.0,0.0,0.0,0.611613503,7
case2_1_9705672,case2_S2,0.01480037,0.0,0.238358773,0.0,0.0,0.0,0.0,0.746840857,7
case2_1_17304690,case2_S2,0.002082156,0.0,0.516257914,0.0,0.0,0.0,0.0,0.48165993,7
case2_1_21545724,case2_S2,0.028067265,0.0,0.351313017,0.0,0.0,0.0,0.0,0.620619718,7
case2_1_24714257,case2_S2,0.00248919,0.0,0.378561436,0.0,0.0,0.0,0.0,0.618949374,7
case2_1_28558857,case2_S2,0.932134418,0.0,0.067865582,0.0,0.0,0.0,0.0,3.79e-17,7
case2_1_30445997,case2_S2,0.035162501,0.0,0.581711393,0.0,0.0,0.0,0.0,0.383126105,7
case2_1_37324366,case2_S2,0.000455783,0.0,0.36265984,0.0,0.0,0.0,0.0,0.636884377,7
case2_1_42074118,case2_S2,0.002082156,0.0,0.516257914,0.0,0.0,0.0,0.0,0.48165993,7
case2_1_50422874,case2_S2,0.071915728,0.0,0.405475912,0.0,0.0,0.0,0.0,0.52260836,7
case2_1_50819478,case2_S2,0.005661078,0.0,0.24749258,0.0,0.0,0.0,0.0,0.746846341,5
case2_1_52617308,case2_S2,0.000955389,0.0,0.147264974,0.0,0.0,0.0,0.0,0.851779637,7
case2_1_55775044,case2_S2,0.071915728,0.0,0.405475912,0.0,0.0,0.0,0.0,0.52260836,7
case2_1_55881260,case2_S2,0.10523602,0.0,0.422002673,0.0,0.0,0.0,0.0,0.472761306,7
case2_1_57894098,case2_S2,0.00248919,0.0,0.378561436,0.0,0.0,0.0,0.0,0.618949374,7
case2_1_66777586,case2_S2,0.001609132,0.0,0.247210208,0.0,0.0,0.0,0.0,0.75118066,7
case2_1_70545716,case2_S2,0.87536422,0.0,0.100854013,0.0,0.0,0.0,0.0,0.023781767,7
case2_1_71543398,case2_S2,0.977040689,0.0,0.021346697,0.0,0.0,0.0,0.0,0.001612614,7
case2_1_73317643,case2_S2,7.8e-15,0.0,0.186907275,0.0,0.0,0.0,0.0,0.813092725,7
case2_1_74881755,case2_S2,0.977040689,0.0,0.021346697,0.0,0.0,0.0,0.0,0.001612614,7
case2_1_79436936,case2_S2,0.051011368,0.0,0.272537665,0.0,0.0,0.0,0.0,0.676450967,7
case2_1_80634543,case2_S2,0.011684899,0.0,0.275753124,0.0,0.0,0.0,0.0,0.712561977,5
case2_1_81958235,case2_S2,0.932134418,0.0,0.067865582,0.0,0.0,0.0,0.0,3.79e-17,7
case2_1_83529605,case2_S2,0.01480037,0.0,0.238358773,0.0,0.0,0.0,0.0,0.746840857,7
case2_1_86342472,case2_S2,0.87536422,0.0,0.100854013,0.0,0.0,0.0,0.0,0.023781767,7
case2_1_88803631,case2_S2,0.010592883,0.0,0.579364775,0.0,0.0,0.0,0.0,0.410042341,7
case2_1_90803860,case2_S2,0.011075171,0.0,0.193562122,0.0,0.0,0.0,0.0,0.795362707,7
case2_1_94068113,case2_S2,0.224182627,0.0,0.377226296,0.0,0.0,0.0,0.0,0.398591077,7
case2_1_94133312,case2_S2,0.043847238,0.0,0.307236695,0.0,0.0,0.0,0.0,0.648916067,7
case2_1_101115216,case2_S2,0.932134418,0.0,0.067865582,0.0,0.0,0.0,0.0,3.79e-17,7
case2_1_110323006,case2_S2,0.813004209,0.0,0.15164205,0.0,0.0,0.0,0.0,0.035353741,7
case2_1_114113394,case2_S2,0.065462313,0.0,0.351404318,0.0,0.0,0.0,0.0,0.583133368,7
case2_1_114153741,case2_S2,0.87536422,0.0,0.100854013,0.0,0.0,0.0,0.0,0.023781767,5
case2_1_115882710,case2_S2,0.005484285,0.0,0.499545135,0.0,0.0,0.0,0.0,0.49497058,7
case2_1_116138760,case2_S2,0.029627612,0.0,0.197428819,0.0,0.0,0.0,0.0,0.77294357,7
case2_1_117052914,case2_S2,0.813004209,0.0,0.15164205,0.0,0.0,0.0,0.0,0.035353741,7
case2_1_148273097,case2_S2,0.004230535,0.0,0.384155961,0.0,0.0,0.0,0.0,0.611613503,7
case2_1_154432729,case2_S2,0.977040689,0.0,0.021346697,0.0,0.0,0.0,0.0,0.001612614,7
case2_1_159094037,case2_S2,0.001714121,0.0,0.51483676,0.0,0.0,0.0,0.0,0.483449119,7
case2_1_166241190,case2_S2,0.224182627,0.0,0.377226296,0.0,0.0,0.0,0.0,0.398591077,7
case2_1_166241192,case2_S2,5.34e-15,0.0,0.411012057,0.0,0.0,0.0,0.0,0.588987943,7
case2_1_168685177,case2_S2,3.02e-15,0.0,0.235957709,0.0,0.0,0.0,0.0,0.764042291,7
case2_1_171167453,case2_S2,0.977040689,0.0,0.021346697,0.0,0.0,0.0,0.0,0.001612614,7
case2_1_173590175,case2_S2,0.87536422,0.0,0.100854013,0.0,0.0,0.0,0.0,0.023781767,7
case2_1_175740170,case2_S2,5.11e-15,0.0,0.28166279,0.0,0.0,0.0,0.0,0.71833721,7
case2_1_176524959,case2_S2,0.977040689,0.0,0.021346697,0.0,0.0,0.0,0.0,0.001612614,7
case2_1_180286322,case2_S2,0.125886382,0.0,0.373042523,0.0,0.0,0.0,0.0,0.501071094,7
case2_1_181920996,case2_S2,0.813004209,0.0,0.15164205,0.0,0.0,0.0,0.0,0.035353741,7
case2_1_182265343,case2_S2,0.071915728,0.0,0.405475912,0.0,0.0,0.0,0.0,0.52260836,7
case2_1_182317866,case2_S2,0.035162501,0.0,0.581711393,0.0,0.0,0.0,0.0,0.383126105,7
case2_1_182382292,case2_S2,0.009720614,0.0,0.207448933,0.0,0.0,0.0,0.0,0.782830453,7
case2_1_184140352,case2_S2,0.009720614,0.0,0.207448933,0.0,0.0,0.0,0.0,0.782830453,7
case2_1_185267612,case2_S2,0.217125086,0.0,0.26308283,0.0,0.0,0.0,0.0,0.519792084,7
case2_1_187470609,case2_S2,0.932134418,0.0,0.067865582,0.0,0.0,0.0,0.0,3.79e-17,7
case2_1_188256389,case2_S2,0.102867879,0.0,0.380208423,0.0,0.0,0.0,0.0,0.516923697,7
case2_1_191623303,case2_S2,0.011075171,0.0,0.193562122,0.0,0.0,0.0,0.0,0.795362707,7
case2_1_191826672,case2_S2,0.033773912,0.0,0.281349966,0.0,0.0,0.0,0.0,0.684876122,7
case2_1_191856159,case2_S2,0.000455783,0.0,0.36265984,0.0,0.0,0.0,0.0,0.636884377,7
case2_1_194429088,case2_S2,0.007073874,0.0,0.52740056,0.0,0.0,0.0,0.0,0.465525566,7
case2_1_197994861,case2_S2,0.047854123,0.0,0.436815926,0.0,0.0,0.0,0.0,0.515329951,7
case2_1_199243469,case2_S2,0.065462313,0.0,0.351404318,0.0,0.0,0.0,0.0,0.583133368,7
case2_1_199869695,case2_S2,0.10523602,0.0,0.422002673,0.0,0.0,0.0,0.0,0.472761306,7
case2_1_203087392,case2_S2,0.977040689,0.0,0.021346697,0.0,0.0,0.0,0.0,0.001612614,7
case2_1_203311678,case2_S2,0.004230535,0.0,0.384155961,0.0,0.0,0.0,0.0,0.611613503,7
case2_1_206531145,case2_S2,0.87536422,0.0,0.100854013,0.0,0.0,0.0,0.0,0.023781767,7
case2_1_209050421,case2_S2,6.72e-15,0.0,0.265325324,0.0,0.0,0.0,0.0,0.734674676,7
case2_1_211108951,case2_S2,8.31e-05,0.0,0.231563751,0.0,0.0,0.0,0.0,0.768353164,7
case2_1_214693941,case2_S2,0.000728723,0.0,0.455477239,0.0,0.0,0.0,0.0,0.543794038,7
case2_1_215839336,case2_S2,8.31e-05,0.0,0.231563751,0.0,0.0,0.0,0.0,0.768353164,7
case2_1_215983209,case2_S2,0.932134418,0.0,0.067865582,0.0,0.0,0.0,0.0,3.79e-17,5
case2_1_220453764,case2_S2,0.005484285,0.0,0.499545135,0.0,0.0,0.0,0.0,0.49497058,7
case2_1_233707834,case2_S2,0.000455783,0.0,0.36265984,0.0,0.0,0.0,0.0,0.636884377,7
case2_1_234006074,case2_S2,0.125886382,0.0,0.373042523,0.0,0.0,0.0,0.0,0.501071094,7
case2_1_234992110,case2_S2,2.87e-15,0.0,0.34902608,0.0,0.0,0.0,0.0,0.65097392,7
case2_1_235572345,case2_S2,0.932134418,0.0,0.067865582,0.0,0.0,0.0,0.0,3.79e-17,7
case2_1_235957900,case2_S2,0.813004209,0.0,0.15164205,0.0,0.0,0.0,0.0,0.035353741,7
case2_1_237745485,case2_S2,0.033773912,0.0,0.281349966,0.0,0.0,0.0,0.0,0.684876122,7
case2_1_238361585,case2_S2,0.011184966,0.0,0.313850011,0.0,0.0,0.0,0.0,0.674965023,7
case2_1_240822215,case2_S2,0.125886382,0.0,0.373042523,0.0,0.0,0.0,0.0,0.501071094,7
case2_1_243053792,case2_S2,0.932134418,0.0,0.067865582,0.0,0.0,0.0,0.0,3.79e-17,7
case2_1_243673763,case2_S2,0.932134418,0.0,0.067865582,0.0,0.0,0.0,0.0,3.79e-17,7
case2_1_244174817,case2_S2,0.011098491,0.0,0.323064788,0.0,0.0,0.0,0.0,0.665836721,7
case2_1_244214851,case2_S2,0.000955389,0.0,0.147264974,0.0,0.0,0.0,0.0,0.851779637,7
case2_1_245342959,case2_S2,0.932134418,0.0,0.067865582,0.0,0.0,0.0,0.0,3.79e-17,7
case2_1_13660949,case2_S4,0.956809945,0.0,0.043190055,0.0,0.0,0.0,0.0,2.14e-17,2
case2_1_30643777,case2_S4,0.132947986,0.0,0.468837599,0.0,0.0,0.0,0.0,0.398214415,2
case2_1_37158328,case2_S4,0.956809945,0.0,0.043190055,0.0,0.0,0.0,0.0,2.14e-17,2
case2_1_45698216,case2_S4,0.920497585,0.0,0.065752775,0.0,0.0,0.0,0.0,0.01374964,2
case2_1_53266065,case2_S4,0.136357271,0.0,0.455884326,0.0,0.0,0.0,0.0,0.407758402,2
case2_1_71694868,case2_S4,0.956809945,0.0,0.043190055,0.0,0.0,0.0,0.0,2.14e-17,2
case2_1_80555234,case2_S4,0.985752641,0.0,0.013352821,0.0,0.0,0.0,0.0,0.000894539,2
case2_1_80992719,case2_S4,0.051347239,0.0,0.21213779,0.0,0.0,0.0,0.0,0.736514971,2
case2_1_91425698,case2_S4,0.094957714,0.0,0.506905019,0.0,0.0,0.0,0.0,0.398137266,2
case2_1_148026715,case2_S4,5e-15,0.0,0.376791643,0.0,0.0,0.0,0.0,0.623208357,2
case2_1_164152153,case2_S4,0.070438638,0.0,0.204253366,0.0,0.0,0.0,0.0,0.725307995,2
case2_1_173223092,case2_S4,0.00973187,0.0,0.185412907,0.0,0.0,0.0,0.0,0.804855223,2
case2_1_185142320,case2_S4,0.047806415,0.0,0.37099441,0.0,0.0,0.0,0.0,0.581199176,2
case2_1_194189890,case2_S4,0.198978067,0.0,0.365571084,0.0,0.0,0.0,0.0,0.43545085,2
case2_1_228943525,case2_S4,0.025820492,0.0,0.257816159,0.0,0.0,0.0,0.0,0.716363349,2
case2_20_9044370,case2_S10,0.893775722,0.0,0.091192883,0.0,0.0,0.0,0.0,0.015031395,3
case2_20_41794244,case2_S10,0.939429229,0.0,0.060570771,0.0,0.0,0.0,0.0,2.37e-17,1
case2_20_46884588,case2_S10,0.164251144,0.0,0.431038429,0.0,0.0,0.0,0.0,0.404710427,1
case2_20_52681885,case2_S10,0.016411367,0.0,0.25400525,0.0,0.0,0.0,0.0,0.729583383,3
case2_20_3773119,case2_S2,0.932134418,0.0,0.067865582,0.0,0.0,0.0,0.0,3.79e-17,7
case2_20_10522473,case2_S2,0.00248919,0.0,0.378561436,0.0,0.0,0.0,0.0,0.618949374,7
case2_20_12276628,case2_S2,2.87e-15,0.0,0.34902608,0.0,0.0,0.0,0.0,0.65097392,7
case2_20_13939323,case2_S2,0.977040689,0.0,0.021346697,0.0,0.0,0.0,0.0,0.001612614,7
case2_20_15352464,case2_S2,0.010592883,0.0,0.579364775,0.0,0.0,0.0,0.0,0.410042341,7
case2_20_19047641,case2_S2,0.002082156,0.0,0.516257914,0.0,0.0,0.0,0.0,0.48165993,7
case2_20_20040022,case2_S2,0.011684899,0.0,0.275753124,0.0,0.0,0.0,0.0,0.712561977,7
case2_20_22828626,case2_S2,0.224182627,0.0,0.377226296,0.0,0.0,0.0,0.0,0.398591077,7
case2_20_24386494,case2_S2,2.87e-15,0.0,0.34902608,0.0,0.0,0.0,0.0,0.65097392,7
case2_20_24483186,case2_S2,0.977040689,0.0,0.021346697,0.0,0.0,0.0,0.0,0.001612614,7
case2_20_35254717,case2_S2,0.009058218,0.0,0.433935673,0.0,0.0,0.0,0.0,0.557006109,7
case2_20_35593071,case2_S2,0.87536422,0.0,0.100854013,0.0,0.0,0.0,0.0,0.023781767,7
case2_20_35717899,case2_S2,0.062712862,0.0,0.322594375,0.0,0.0,0.0,0.0,0.614692763,7
case2_20_35727057,case2_S2,0.051011368,0.0,0.272537665,0.0,0.0,0.0,0.0,0.676450967,7
case2_20_37502568,case2_S2,0.013700232,0.0,0.539710319,0.0,0.0,0.0,0.0,0.446589449,7
case2_20_39414157,case2_S2,0.010203187,0.0,0.29711188,0.0,0.0,0.0,0.0,0.692684932,7
case2_20_39788798,case2_S2,2.87e-15,0.0,0.34902608,0.0,0.0,0.0,0.0,0.65097392,7
case2_20_40527551,case2_S2,0.010592883,0.0,0.579364775,0.0,0.0,0.0,0.0,0.410042341,7
case2_20_41841425,case2_S2,0.102867879,0.0,0.380208423,0.0,0.0,0.0,0.0,0.516923697,7
case2_20_42622499,case2_S2,0.005489967,0.0,0.168704376,0.0,0.0,0.0,0.0,0.825805658,7
case2_20_43950801,case2_S2,0.036931544,0.0,0.185329869,0.0,0.0,0.0,0.0,0.777738587,7
case2_20_46306953,case2_S2,0.932134418,0.0,0.067865582,0.0,0.0,0.0,0.0,3.79e-17,7
case2_20_46697485,case2_S2,0.813004209,0.0,0.15164205,0.0,0.0,0.0,0.0,0.035353741,7
case2_20_47980187,case2_S2,0.00248919,0.0,0.378561436,0.0,0.0,0.0,0.0,0.618949374,7
case2_20_55855407,case2_S2,0.004230535,0.0,0.384155961,0.0,0.0,0.0,0.0,0.611613503,7
case2_20_57102626,case2_S2,7.8e-15,0.0,0.186907275,0.0,0.0,0.0,0.0,0.813092725,7
case2_20_58070237,case2_S2,0.008706914,0.0,0.348021882,0.0,0.0,0.0,0.0,0.643271204,7
case2_20_59850242,case2_S2,8.31e-05,0.0,0.231563751,0.0,0.0,0.0,0.0,0.768353164,7
case2_20_60247278,case2_S2,0.813004209,0.0,0.15164205,0.0,0.0,0.0,0.0,0.035353741,7
case2_20_63140872,case2_S2,0.932134418,0.0,0.067865582,0.0,0.0,0.0,0.0,3.79e-17,7
case2_20_3731971,case2_S4,0.920497585,0.0,0.065752775,0.0,0.0,0.0,0.0,0.01374964,2
case2_20_6615510,case2_S4,0.057756742,0.0,0.298301358,0.0,0.0,0.0,0.0,0.6439419,2
case2_20_10527315,case2_S4,0.985752641,0.0,0.013352821,0.0,0.0,0.0,0.0,0.000894539,2
case2_20_23449648,case2_S4,0.920497585,0.0,0.065752775,0.0,0.0,0.0,0.0,0.01374964,2
case2_20_32659893,case2_S4,0.136357271,0.0,0.455884326,0.0,0.0,0.0,0.0,0.407758402,2
case2_20_40017387,case2_S4,0.003547232,0.0,0.545293199,0.0,0.0,0.0,0.0,0.451159569,2
case2_20_40109313,case2_S4,0.985752641,0.0,0.013352821,0.0,0.0,0.0,0.0,0.000894539,2
case2_20_51873696,case2_S4,0.00973187,0.0,0.185412907,0.0,0.0,0.0,0.0,0.804855223,2
case2_20_54896160,case2_S4,0.877539191,0.0,0.10147999,0.0,0.0,0.0,0.0,0.020980819,2
case2_20_61075852,case2_S4,0.877539191,0.0,0.10147999,0.0,0.0,0.0,0.0,0.020980819,2
case2_20_61817647,case2_S4,0.877539191,0.0,0.10147999,0.0,0.0,0.0,0.0,0.020980819,2
case2_21_35856433,case2_S10,0.071734607,0.0,0.339403476,0.0,0.0,0.0,0.0,0.588861917,1
case2_21_10006803,case2_S2,0.021921026,0.0,0.226656774,0.0,0.0,0.0,0.0,0.7514222,7
case2_21_13951335,case2_S2,0.029627612,0.0,0.197428819,0.0,0.0,0.0,0.0,0.77294357,7
case2_21_17463795,case2_S2,0.002082156,0.0,0.516257914,0.0,0.0,0.0,0.0,0.48165993,7
case2_21_18622369,case2_S2,0.001609132,0.0,0.247210208,0.0,0.0,0.0,0.0,0.75118066,7
case2_21_18993819,case2_S2,0.005484285,0.0,0.499545135,0.0,0.0,0.0,0.0,0.49497058,7
case2_21_21021806,case2_S2,0.058018139,0.0,0.499543241,0.0,0.0,0.0,0.0,0.44243862,7
case2_21_21251435,case2_S2,0.02219829,0.0,0.442929539,0.0,0.0,0.0,0.0,0.534872172,7
case2_21_22976029,case2_S2,0.000728723,0.0,0.455477239,0.0,0.0,0.0,0.0,0.543794038,7
case2_21_26821275,case2_S2,7.8e-15,0.0,0.186907275,0.0,0.0,0.0,0.0,0.813092725,5
case2_21_27116357,case2_S2,0.932134418,0.0,0.067865582,0.0,0.0,0.0,0.0,3.79e-17,5
case2_21_28171652,case2_S2,0.977040689,0.0,0.021346697,0.0,0.0,0.0,0.0,0.001612614,7
case2_21_35979134,case2_S2,0.005661078,0.0,0.24749258,0.0,0.0,0.0,0.0,0.746846341,7
case2_21_39757980,case2_S2,0.932134418,0.0,0.067865582,0.0,0.0,0.0,0.0,3.79e-17,7
case2_21_40821511,case2_S2,0.009720614,0.0,0.207448933,0.0,0.0,0.0,0.0,0.782830453,7
case2_21_41596799,case2_S2,0.111425627,0.0,0.407233459,0.0,0.0,0.0,0.0,0.481340914,7
case2_21_44990366,case2_S2,0.111425627,0.0,0.407233459,0.0,0.0,0.0,0.0,0.481340914,7
case2_21_13319840,case2_S4,0.094957714,0.0,0.506905019,0.0,0.0,0.0,0.0,0.398137266,2
case2_21_14598781,case2_S4,0.877539191,0.0,0.10147999,0.0,0.0,0.0,0.0,0.020980819,2
case2_21_16846622,case2_S4,0.877539191,0.0,0.10147999,0.0,0.0,0.0,0.0,0.020980819,2
case2_21_17043695,case2_S4,0.985752641,0.0,0.013352821,0.0,0.0,0.0,0.0,0.000894539,2
case2_21_21644207,case2_S4,0.165168717,0.0,0.37849207,0.0,0.0,0.0,0.0,0.456339213,2
case2_21_27546671,case2_S4,0.198978067,0.0,0.365571084,0.0,0.0,0.0,0.0,0.43545085,2
case2_21_31312770,case2_S4,0.028075151,0.0,0.296624053,0.0,0.0,0.0,0.0,0.675300796,2
case2_21_31337658,case2_S4,0.956809945,0.0,0.043190055,0.0,0.0,0.0,0.0,2.14e-17,2
case2_22_10960131,case2_S2,0.813004209,0.0,0.15164205,0.0,0.0,0.0,0.0,0.035353741,7
case2_22_17256347,case2_S2,0.87536422,0.0,0.100854013,0.0,0.0,0.0,0.0,0.023781767,7
case2_22_19545560,case2_S2,6.72e-15,0.0,0.265325324,0.0,0.0,0.0,0.0,0.734674676,7
case2_22_24677793,case2_S2,0.000455783,0.0,0.36265984,0.0,0.0,0.0,0.0,0.636884377,7
case2_22_26996659,case2_S2,0.00248919,0.0,0.378561436,0.0,0.0,0.0,0.0,0.618949374,7
case2_22_27367913,case2_S2,0.011684899,0.0,0.275753124,0.0,0.0,0.0,0.0,0.712561977,7
case2_22_29480230,case2_S2,0.932134418,0.0,0.067865582,0.0,0.0,0.0,0.0,3.79e-17,7
case2_22_29746845,case2_S2,0.00248919,0.0,0.378561436,0.0,0.0,0.0,0.0,0.618949374,7
case2_22_30668412,case2_S2,0.004230535,0.0,0.384155961,0.0,0.0,0.0,0.0,0.611613503,7
case2_22_32896604,case2_S2,0.065462313,0.0,0.351404318,0.0,0.0,0.0,0.0,0.583133368,7
case2_22_33334845,case2_S2,0.011075171,0.0,0.193562122,0.0,0.0,0.0,0.0,0.795362707,7
case2_22_44546006,case2_S2,0.932134418,0.0,0.067865582,0.0,0.0,0.0,0.0,3.79e-17,7
case2_22_46176691,case2_S2,0.000728723,0.0,0.455477239,0.0,0.0,0.0,0.0,0.543794038,7
case2_22_48465032,case2_S2,0.125886382,0.0,0.373042523,0.0,0.0,0.0,0.0,0.501071094,7
case2_22_49609678,case2_S4,0.985752641,0.0,0.013352821,0.0,0.0,0.0,0.0,0.000894539,2
case2_2_63045460,case2_S10,0.002264613,0.0,0.602351695,0.0,0.0,0.0,0.0,0.395383693,1
case2_2_136950200,case2_S10,0.893775722,0.0,0.091192883,0.0,0.0,0.0,0.0,0.015031395,1
case2_2_168135645,case2_S10,0.074930861,0.0,0.571344463,0.0,0.0,0.0,0.0,0.353724676,1
case2_2_237213665,case2_S10,0.007270926,0.0,0.586506046,0.0,0.0,0.0,0.0,0.406223028,5
case2_2_238478000,case2_S10,0.044651743,0.0,0.654175425,0.0,0.0,0.0,0.0,0.301172832,5
case2_2_10974675,case2_S2,0.87536422,0.0,0.100854013,0.0,0.0,0.0,0.0,0.023781767,5
case2_2_12433371,case2_S2,0.125886382,0.0,0.373042523,0.0,0.0,0.0,0.0,0.501071094,6
case2_2_41237054,case2_S2,0.043847238,0.0,0.307236695,0.0,0.0,0.0,0.0,0.648916067,6
case2_2_160202395,case2_S2,0.051011368,0.0,0.272537665,0.0,0.0,0.0,0.0,0.676450967,5
case2_2_229456734,case2_S2,0.004367974,0.0,0.240618624,0.0,0.0,0.0,0.0,0.755013402,6
case2_2_234518192,case2_S2,0.977040689,0.0,0.021346697,0.0,0.0,0.0,0.0,0.001612614,6
case2_3_850936,case2_S10,3.16e-14,0.0,0.372495505,0.0,0.0,0.0,0.0,0.627504495,1
case2_3_11029278,case2_S10,0.893775722,0.0,0.091192883,0.0,0.0,0.0,0.0,0.015031395,1
case2_3_80534861,case2_S10,0.003452953,0.0,0.465047177,0.0,0.0,0.0,0.0,0.53149987,3
case2_3_86055561,case2_S10,0.061011953,0.0,0.239155673,0.0,0.0,0.0,0.0,0.699832374,5
case2_3_915098,case2_S2,8.31e-05,0.0,0.231563751,0.0,0.0,0.0,0.0,0.768353164,7
case2_3_2266134,case2_S2,8.31e-05,0.0,0.231563751,0.0,0.0,0.0,0.0,0.768353164,7
case2_3_2690084,case2_S2,0.00248919,0.0,0.378561436,0.0,0.0,0.0,0.0,0.618949374,7
case2_3_3632699,case2_S2,0.000455783,0.0,0.36265984,0.0,0.0,0.0,0.0,0.636884377,7
case2_3_9091641,case2_S2,0.977040689,0.0,0.021346697,0.0,0.0,0.0,0.0,0.001612614,5
case2_3_9205232,case2_S2,8.64e-15,0.0,0.260834415,0.0,0.0,0.0,0.0,0.739165585,7
case2_3_10204705,case2_S2,0.977040689,0.0,0.021346697,0.0,0.0,0.0,0.0,0.001612614,7
case2_3_16012269,case2_S2,0.001256342,0.0,0.584235398,0.0,0.0,0.0,0.0,0.414508259,7
case2_3_18632394,case2_S2,0.111425627,0.0,0.407233459,0.0,0.0,0.0,0.0,0.481340914,7
case2_3_20593869,case2_S2,0.013700232,0.0,0.539710319,0.0,0.0,0.0,0.0,0.446589449,7
case2_3_21981950,case2_S2,0.011075171,0.0,0.193562122,0.0,0.0,0.0,0.0,0.795362707,7
case2_3_22700955,case2_S2,0.029627612,0.0,0.197428819,0.0,0.0,0.0,0.0,0.77294357,7
case2_3_22821508,case2_S2,0.002082156,0.0,0.516257914,0.0,0.0,0.0,0.0,0.48165993,7
case2_3_23392561,case2_S2,0.001256342,0.0,0.584235398,0.0,0.0,0.0,0.0,0.414508259,5
case2_3_24620185,case2_S2,0.007521181,0.0,0.43865035,0.0,0.0,0.0,0.0,0.553828469,7
case2_3_26957856,case2_S2,5.37e-15,0.0,0.201592727,0.0,0.0,0.0,0.0,0.798407273,7
case2_3_27057297,case2_S2,0.065462313,0.0,0.351404318,0.0,0.0,0.0,0.0,0.583133368,7
case2_3_35456413,case2_S2,8.31e-05,0.0,0.231563751,0.0,0.0,0.0,0.0,0.768353164,7
case2_3_36179744,case2_S2,0.005484285,0.0,0.499545135,0.0,0.0,0.0,0.0,0.49497058,5
case2_3_50524421,case2_S2,0.932134418,0.0,0.067865582,0.0,0.0,0.0,0.0,3.79e-17,7
case2_3_52858884,case2_S2,0.932134418,0.0,0.067865582,0.0,0.0,0.0,0.0,3.79e-17,7
case2_3_55338766,case2_S2,8.31e-05,0.0,0.231563751,0.0,0.0,0.0,0.0,0.768353164,7
case2_3_56111637,case2_S2,2.87e-15,0.0,0.34902608,0.0,0.0,0.0,0.0,0.65097392,7
case2_3_58597822,case2_S2,0.102867879,0.0,0.380208423,0.0,0.0,0.0,0.0,0.516923697,7
case2_3_58636059,case2_S2,0.082401299,0.0,0.468692158,0.0,0.0,0.0,0.0,0.448906543,7
case2_3_60517668,case2_S2,0.002082156,0.0,0.516257914,0.0,0.0,0.0,0.0,0.48165993,7
case2_3_61758597,case2_S2,0.977040689,0.0,0.021346697,0.0,0.0,0.0,0.0,0.001612614,7
case2_3_61946354,case2_S2,0.011075171,0.0,0.193562122,0.0,0.0,0.0,0.0,0.795362707,7
case2_3_62358766,case2_S2,0.009720614,0.0,0.207448933,0.0,0.0,0.0,0.0,0.782830453,7
case2_3_65880336,case2_S2,0.001256342,0.0,0.584235398,0.0,0.0,0.0,0.0,0.414508259,7
case2_3_68053279,case2_S2,0.005489967,0.0,0.168704376,0.0,0.0,0.0,0.0,0.825805658,7
case2_3_68480528,case2_S2,0.004367974,0.0,0.240618624,0.0,0.0,0.0,0.0,0.755013402,7
case2_3_68523875,case2_S2,0.001596744,0.0,0.352480657,0.0,0.0,0.0,0.0,0.645922599,7
case2_3_75633948,case2_S2,0.041743599,0.0,0.184768377,0.0,0.0,0.0,0.0,0.773488024,7
case2_3_79259569,case2_S2,0.051011368,0.0,0.272537665,0.0,0.0,0.0,0.0,0.676450967,7
case2_3_79654039,case2_S2,0.005661078,0.0,0.24749258,0.0,0.0,0.0,0.0,0.746846341,5
case2_3_84423599,case2_S2,0.028067265,0.0,0.351313017,0.0,0.0,0.0,0.0,0.620619718,7
case2_3_86295043,case2_S2,0.102867879,0.0,0.380208423,0.0,0.0,0.0,0.0,0.516923697,7
case2_3_87292475,case2_S2,0.084520907,0.0,0.455778114,0.0,0.0,0.0,0.0,0.459700979,5
case2_3_88266522,case2_S2,5.34e-15,0.0,0.411012057,0.0,0.0,0.0,0.0,0.588987943,7
case2_3_89641939,case2_S2,0.005489967,0.0,0.168704376,0.0,0.0,0.0,0.0,0.825805658,7
case2_3_95212907,case2_S2,0.071915728,0.0,0.405475912,0.0,0.0,0.0,0.0,0.52260836,7
case2_3_95271969,case2_S2,0.058018139,0.0,0.499543241,0.0,0.0,0.0,0.0,0.44243862,7
case2_3_95814542,case2_S2,0.005484285,0.0,0.499545135,0.0,0.0,0.0,0.0,0.49497058,7
case2_3_97298143,case2_S2,0.977040689,0.0,0.021346697,0.0,0.0,0.0,0.0,0.001612614,7
case2_3_97505353,case2_S2,0.813004209,0.0,0.15164205,0.0,0.0,0.0,0.0,0.035353741,5
case2_3_99432237,case2_S2,0.033773912,0.0,0.281349966,0.0,0.0,0.0,0.0,0.684876122,7
case2_3_103421321,case2_S2,0.009338104,0.0,0.35699887,0.0,0.0,0.0,0.0,0.633663026,7
case2_3_111049074,case2_S2,0.977040689,0.0,0.021346697,0.0,0.0,0.0,0.0,0.001612614,7
case2_3_113696848,case2_S2,0.015871109,0.0,0.342165649,0.0,0.0,0.0,0.0,0.641963242,7
case2_3_114685856,case2_S2,0.036931544,0.0,0.185329869,0.0,0.0,0.0,0.0,0.777738587,7
case2_3_116816394,case2_S2,0.065462313,0.0,0.351404318,0.0,0.0,0.0,0.0,0.583133368,7
case2_3_117132023,case2_S2,0.125886382,0.0,0.373042523,0.0,0.0,0.0,0.0,0.501071094,7
case2_3_117421506,case2_S2,0.032007314,0.0,0.554627583,0.0,0.0,0.0,0.0,0.413365103,7
case2_3_119365004,case2_S2,8.31e-05,0.0,0.231563751,0.0,0.0,0.0,0.0,0.768353164,7
case2_3_123272903,case2_S2,0.00248919,0.0,0.378561436,0.0,0.0,0.0,0.0,0.618949374,7
case2_3_123971679,case2_S2,0.004230535,0.0,0.384155961,0.0,0.0,0.0,0.0,0.611613503,7
case2_3_125683634,case2_S2,0.010203187,0.0,0.29711188,0.0,0.0,0.0,0.0,0.692684932,5
case2_3_126967139,case2_S2,0.04097465,0.0,0.19164014,0.0,0.0,0.0,0.0,0.76738521,7
case2_3_130973496,case2_S2,0.977040689,0.0,0.021346697,0.0,0.0,0.0,0.0,0.001612614,7
case2_3_132871115,case2_S2,8.64e-15,0.0,0.260834415,0.0,0.0,0.0,0.0,0.739165585,7
case2_3_133896640,case2_S2,0.001714121,0.0,0.51483676,0.0,0.0,0.0,0.0,0.483449119,7
case2_3_136515078,case2_S2,0.977040689,0.0,0.021346697,0.0,0.0,0.0,0.0,0.001612614,7
case2_3_136652481,case2_S2,0.004853671,0.0,0.234482427,0.0,0.0,0.0,0.0,0.760663902,7
case2_3_146773013,case2_S2,0.00248919,0.0,0.378561436,0.0,0.0,0.0,0.0,0.618949374,7
case2_3_150091434,case2_S2,0.00248919,0.0,0.378561436,0.0,0.0,0.0,0.0,0.618949374,7
case2_3_151413511,case2_S2,0.977040689,0.0,0.021346697,0.0,0.0,0.0,0.0,0.001612614,7
case2_3_157678880,case2_S2,0.001714121,0.0,0.51483676,0.0,0.0,0.0,0.0,0.483449119,5
case2_3_160193403,case2_S2,0.005489967,0.0,0.168704376,0.0,0.0,0.0,0.0,0.825805658,7
case2_3_164459820,case2_S2,0.034586878,0.0,0.405978124,0.0,0.0,0.0,0.0,0.559434998,7
case2_3_166782752,case2_S2,0.813004209,0.0,0.15164205,0.0,0.0,0.0,0.0,0.035353741,7
case2_3_170577640,case2_S2,0.084542755,0.0,0.466103801,0.0,0.0,0.0,0.0,0.449353444,7
case2_3_180528546,case2_S2,0.032007314,0.0,0.554627583,0.0,0.0,0.0,0.0,0.413365103,7
case2_3_181810779,case2_S2,0.932134418,0.0,0.067865582,0.0,0.0,0.0,0.0,3.79e-17,7
case2_3_183104338,case2_S2,0.813004209,0.0,0.15164205,0.0,0.0,0.0,0.0,0.035353741,7
case2_3_186462392,case2_S2,0.977040689,0.0,0.021346697,0.0,0.0,0.0,0.0,0.001612614,7
case2_3_186885146,case2_S2,0.977040689,0.0,0.021346697,0.0,0.0,0.0,0.0,0.001612614,7
case2_3_187902097,case2_S2,0.932134418,0.0,0.067865582,0.0,0.0,0.0,0.0,3.79e-17,7
case2_3_193718842,case2_S2,0.111425627,0.0,0.407233459,0.0,0.0,0.0,0.0,0.481340914,7
case2_3_194834075,case2_S2,0.87536422,0.0,0.100854013,0.0,0.0,0.0,0.0,0.023781767,7
case2_3_22634536,case2_S4,0.023069925,0.0,0.563463821,0.0,0.0,0.0,0.0,0.413466254,2
case2_3_25578338,case2_S4,0.05306733,0.0,0.570120302,0.0,0.0,0.0,0.0,0.376812368,2
case2_3_31817914,case2_S4,0.920497585,0.0,0.065752775,0.0,0.0,0.0,0.0,0.01374964,2
case2_3_31970937,case2_S4,0.985752641,0.0,0.013352821,0.0,0.0,0.0,0.0,0.000894539,2
case2_3_42933147,case2_S4,0.956809945,0.0,0.043190055,0.0,0.0,0.0,0.0,2.14e-17,2
case2_3_56233825,case2_S4,0.057756742,0.0,0.298301358,0.0,0.0,0.0,0.0,0.6439419,2
case2_3_61580198,case2_S4,0.028075151,0.0,0.296624053,0.0,0.0,0.0,0.0,0.675300796,2
case2_3_64102125,case2_S4,0.086181969,0.0,0.285471671,0.0,0.0,0.0,0.0,0.62834636,2
case2_3_71114924,case2_S4,0.001704298,0.0,0.162873971,0.0,0.0,0.0,0.0,0.835421731,2
case2_3_76131140,case2_S4,0.009936439,0.0,0.269327582,0.0,0.0,0.0,0.0,0.720735979,2
case2_3_94431315,case2_S4,0.136231086,0.0,0.465660614,0.0,0.0,0.0,0.0,0.3981083,2
case2_3_118063003,case2_S4,0.985752641,0.0,0.013352821,0.0,0.0,0.0,0.0,0.000894539,2
case2_3_133164181,case2_S4,0.985752641,0.0,0.013352821,0.0,0.0,0.0,0.0,0.000894539,2
case2_3_142806740,case2_S4,0.074177412,0.0,0.322247505,0.0,0.0,0.0,0.0,0.603575083,2
case2_3_144175864,case2_S4,0.877539191,0.0,0.10147999,0.0,0.0,0.0,0.0,0.020980819,2
case2_3_169171057,case2_S4,0.05306733,0.0,0.570120302,0.0,0.0,0.0,0.0,0.376812368,2
case2_3_190630774,case2_S4,0.038084655,0.0,0.244143348,0.0,0.0,0.0,0.0,0.717771997,2
case2_4_99300,case2_S2,0.005661078,0.0,0.24749258,0.0,0.0,0.0,0.0,0.746846341,6
case2_4_7604588,case2_S2,0.87536422,0.0,0.100854013,0.0,0.0,0.0,0.0,0.023781767,7
case2_4_10732681,case2_S2,0.00248919,0.0,0.378561436,0.0,0.0,0.0,0.0,0.618949374,7
case2_4_13726104,case2_S2,0.000455783,0.0,0.36265984,0.0,0.0,0.0,0.0,0.636884377,7
case2_4_13788864,case2_S2,0.006198275,0.0,0.383039656,0.0,0.0,0.0,0.0,0.61076207,7
case2_4_13997376,case2_S2,0.005489967,0.0,0.168704376,0.0,0.0,0.0,0.0,0.825805658,7
case2_4_15326237,case2_S2,0.065462313,0.0,0.351404318,0.0,0.0,0.0,0.0,0.583133368,7
case2_4_33844216,case2_S2,0.084542755,0.0,0.466103801,0.0,0.0,0.0,0.0,0.449353444,7
case2_4_38551353,case2_S2,0.005484285,0.0,0.499545135,0.0,0.0,0.0,0.0,0.49497058,7
case2_4_38612921,case2_S2,0.032007314,0.0,0.554627583,0.0,0.0,0.0,0.0,0.413365103,7
case2_4_42930560,case2_S2,0.024196036,0.0,0.276619733,0.0,0.0,0.0,0.0,0.699184232,7
case2_4_62995550,case2_S2,0.932134418,0.0,0.067865582,0.0,0.0,0.0,0.0,3.79e-17,7
case2_4_63591694,case2_S2,0.977040689,0.0,0.021346697,0.0,0.0,0.0,0.0,0.001612614,7
case2_4_71953689,case2_S2,0.217125086,0.0,0.26308283,0.0,0.0,0.0,0.0,0.519792084,7
case2_4_72738902,case2_S2,0.217125086,0.0,0.26308283,0.0,0.0,0.0,0.0,0.519792084,7
case2_4_72851719,case2_S2,0.111425627,0.0,0.407233459,0.0,0.0,0.0,0.0,0.481340914,6
case2_4_89943620,case2_S2,0.977040689,0.0,0.021346697,0.0,0.0,0.0,0.0,0.001612614,7
case2_4_94789345,case2_S2,0.000852762,0.0,0.384881298,0.0,0.0,0.0,0.0,0.61426594,7
case2_4_95266878,case2_S2,0.001256342,0.0,0.584235398,0.0,0.0,0.0,0.0,0.414508259,7
case2_4_96650111,case2_S2,0.02219829,0.0,0.442929539,0.0,0.0,0.0,0.0,0.534872172,7
case2_4_97608320,case2_S2,0.000955389,0.0,0.147264974,0.0,0.0,0.0,0.0,0.851779637,7
case2_4_106027200,case2_S2,0.011184966,0.0,0.313850011,0.0,0.0,0.0,0.0,0.674965023,7
case2_4_111608244,case2_S2,0.000455783,0.0,0.36265984,0.0,0.0,0.0,0.0,0.636884377,7
case2_4_122042227,case2_S2,0.033773912,0.0,0.281349966,0.0,0.0,0.0,0.0,0.684876122,7
case2_4_125390150,case2_S2,0.021921026,0.0,0.226656774,0.0,0.0,0.0,0.0,0.7514222,7
case2_4_126272351,case2_S2,0.87536422,0.0,0.100854013,0.0,0.0,0.0,0.0,0.023781767,7
case2_4_126375685,case2_S2,0.051011368,0.0,0.272537665,0.0,0.0,0.0,0.0,0.676450967,7
case2_4_127362572,case2_S2,0.001256342,0.0,0.584235398,0.0,0.0,0.0,0.0,0.414508259,7
case2_4_127606971,case2_S2,0.001609132,0.0,0.247210208,0.0,0.0,0.0,0.0,0.75118066,7
case2_4_128165640,case2_S2,0.010592883,0.0,0.579364775,0.0,0.0,0.0,0.0,0.410042341,7
case2_4_129718293,case2_S2,0.000955389,0.0,0.147264974,0.0,0.0,0.0,0.0,0.851779637,7
case2_4_134252974,case2_S2,0.002082156,0.0,0.516257914,0.0,0.0,0.0,0.0,0.48165993,7
case2_4_145410511,case2_S2,0.977040689,0.0,0.021346697,0.0,0.0,0.0,0.0,0.001612614,7
case2_4_148089143,case2_S2,0.071915728,0.0,0.405475912,0.0,0.0,0.0,0.0,0.52260836,7
case2_4_150838607,case2_S2,0.084520907,0.0,0.455778114,0.0,0.0,0.0,0.0,0.459700979,7
case2_4_152530014,case2_S2,0.111425627,0.0,0.407233459,0.0,0.0,0.0,0.0,0.481340914,7
case2_4_156026078,case2_S2,0.011075171,0.0,0.193562122,0.0,0.0,0.0,0.0,0.795362707,7
case2_4_157253861,case2_S2,0.10523602,0.0,0.422002673,0.0,0.0,0.0,0.0,0.472761306,7
case2_4_163990420,case2_S2,0.977040689,0.0,0.021346697,0.0,0.0,0.0,0.0,0.001612614,7
case2_4_166584279,case2_S2,0.000455783,0.0,0.36265984,0.0,0.0,0.0,0.0,0.636884377,7
case2_4_168539536,case2_S2,0.009058218,0.0,0.433935673,0.0,0.0,0.0,0.0,0.557006109,7
case2_4_174655053,case2_S2,0.000455783,0.0,0.36265984,0.0,0.0,0.0,0.0,0.636884377,6
case2_4_175019516,case2_S2,0.041743599,0.0,0.184768377,0.0,0.0,0.0,0.0,0.773488024,7
case2_4_175428517,case2_S2,0.977040689,0.0,0.021346697,0.0,0.0,0.0,0.0,0.001612614,7
case2_4_179397163,case2_S2,0.932134418,0.0,0.067865582,0.0,0.0,0.0,0.0,3.79e-17,7
case2_4_179793191,case2_S2,0.005484285,0.0,0.499545135,0.0,0.0,0.0,0.0,0.49497058,7
case2_4_180035803,case2_S2,0.033773912,0.0,0.281349966,0.0,0.0,0.0,0.0,0.684876122,7
case2_4_180488578,case2_S2,0.04097465,0.0,0.19164014,0.0,0.0,0.0,0.0,0.76738521,7
case2_4_182541585,case2_S2,0.010592883,0.0,0.579364775,0.0,0.0,0.0,0.0,0.410042341,7
case2_4_185941844,case2_S2,0.87536422,0.0,0.100854013,0.0,0.0,0.0,0.0,0.023781767,7
case2_4_188119610,case2_S2,0.932134418,0.0,0.067865582,0.0,0.0,0.0,0.0,3.79e-17,7
case2_4_188833385,case2_S2,0.87536422,0.0,0.100854013,0.0,0.0,0.0,0.0,0.023781767,7
case2_4_7245310,case2_S4,0.015059809,0.0,0.37320615,0.0,0.0,0.0,0.0,0.611734041,2
case2_4_8819626,case2_S4,0.001251875,0.0,0.485123193,0.0,0.0,0.0,0.0,0.513624932,2
case2_4_28707466,case2_S4,0.020341929,0.0,0.297628591,0.0,0.0,0.0,0.0,0.68202948,2
case2_4_28757714,case2_S4,0.086181969,0.0,0.285471671,0.0,0.0,0.0,0.0,0.62834636,7
case2_4_29760904,case2_S4,0.001251875,0.0,0.485123193,0.0,0.0,0.0,0.0,0.513624932,2
case2_4_40383537,case2_S4,0.05306733,0.0,0.570120302,0.0,0.0,0.0,0.0,0.376812368,2
case2_4_44335879,case2_S4,0.920497585,0.0,0.065752775,0.0,0.0,0.0,0.0,0.01374964,2
case2_4_59262635,case2_S4,9.52e-15,0.0,0.2216227,0.0,0.0,0.0,0.0,0.7783773,2
case2_4_67167985,case2_S4,0.000792021,0.0,0.390719416,0.0,0.0,0.0,0.0,0.608488563,2
case2_4_67583447,case2_S4,0.094957714,0.0,0.506905019,0.0,0.0,0.0,0.0,0.398137266,2
case2_4_73277727,case2_S4,0.017795959,0.0,0.603457003,0.0,0.0,0.0,0.0,0.378747038,2
case2_4_82048387,case2_S4,5.33e-15,0.0,0.258297508,0.0,0.0,0.0,0.0,0.741702492,2
case2_4_84290093,case2_S4,0.177272916,0.0,0.401687021,0.0,0.0,0.0,0.0,0.421040062,2
case2_4_95989701,case2_S4,1.52e-14,0.0,0.284651993,0.0,0.0,0.0,0.0,0.715348007,2
case2_4_107072440,case2_S4,0.001704298,0.0,0.162873971,0.0,0.0,0.0,0.0,0.835421731,2
case2_4_107977968,case2_S4,0.009936439,0.0,0.269327582,0.0,0.0,0.0,0.0,0.720735979,2
case2_4_109466652,case2_S4,0.920497585,0.0,0.065752775,0.0,0.0,0.0,0.0,0.01374964,2
case2_4_111153333,case2_S4,0.094957714,0.0,0.506905019,0.0,0.0,0.0,0.0,0.398137266,2
case2_4_121932903,case2_S4,0.956809945,0.0,0.043190055,0.0,0.0,0.0,0.0,2.14e-17,2
case2_4_126490119,case2_S4,0.920497585,0.0,0.065752775,0.0,0.0,0.0,0.0,0.01374964,2
case2_4_129880781,case2_S4,0.956809945,0.0,0.043190055,0.0,0.0,0.0,0.0,2.14e-17,2
case2_4_130152711,case2_S4,0.985752641,0.0,0.013352821,0.0,0.0,0.0,0.0,0.000894539,2
case2_4_156269270,case2_S4,3.86e-14,0.0,0.318760807,0.0,0.0,0.0,0.0,0.681239193,2
case2_4_156526651,case2_S4,0.019485453,0.0,0.211138532,0.0,0.0,0.0,0.0,0.769376014,2
case2_4_156546042,case2_S4,0.007681109,0.0,0.262337365,0.0,0.0,0.0,0.0,0.729981526,2
case2_4_169556129,case2_S4,0.018761998,0.0,0.188534813,0.0,0.0,0.0,0.0,0.792703189,2
case2_4_171129292,case2_S4,0.956809945,0.0,0.043190055,0.0,0.0,0.0,0.0,2.14e-17,2
case2_4_175775790,case2_S4,1.18e-14,0.0,0.28939243,0.0,0.0,0.0,0.0,0.71060757,2
case2_5_23128274,case2_S10,0.980036494,0.0,0.01896218,0.0,0.0,0.0,0.0,0.001001326,1
case2_5_25287398,case2_S2,0.011075171,0.0,0.193562122,0.0,0.0,0.0,0.0,0.795362707,6
case2_5_29550872,case2_S2,0.000955389,0.0,0.147264974,0.0,0.0,0.0,0.0,0.851779637,5
case2_5_51452877,case2_S2,0.028067265,0.0,0.351313017,0.0,0.0,0.0,0.0,0.620619718,7
case2_5_56400200,case2_S2,0.028067265,0.0,0.351313017,0.0,0.0,0.0,0.0,0.620619718,7
case2_5_59455117,case2_S2,0.007073874,0.0,0.52740056,0.0,0.0,0.0,0.0,0.465525566,6
case2_5_67129990,case2_S2,0.03321346,0.0,0.395369266,0.0,0.0,0.0,0.0,0.571417275,7
case2_5_69632842,case2_S2,0.00248919,0.0,0.378561436,0.0,0.0,0.0,0.0,0.618949374,7
case2_5_72196098,case2_S2,0.977040689,0.0,0.021346697,0.0,0.0,0.0,0.0,0.001612614,7
case2_5_72672808,case2_S2,0.03321346,0.0,0.395369266,0.0,0.0,0.0,0.0,0.571417275,7
case2_5_76738308,case2_S2,0.002082156,0.0,0.516257914,0.0,0.0,0.0,0.0,0.48165993,7
case2_5_89036154,case2_S2,3.02e-15,0.0,0.235957709,0.0,0.0,0.0,0.0,0.764042291,7
case2_5_95435363,case2_S2,0.002082156,0.0,0.516257914,0.0,0.0,0.0,0.0,0.48165993,7
case2_5_102708197,case2_S2,0.071915728,0.0,0.405475912,0.0,0.0,0.0,0.0,0.52260836,7
case2_5_120551696,case2_S2,0.000955389,0.0,0.147264974,0.0,0.0,0.0,0.0,0.851779637,7
case2_5_128948534,case2_S2,0.932134418,0.0,0.067865582,0.0,0.0,0.0,0.0,3.79e-17,6
case2_5_147852039,case2_S2,0.043323792,0.0,0.261194425,0.0,0.0,0.0,0.0,0.695481783,7
case2_5_150167597,case2_S2,2.87e-15,0.0,0.34902608,0.0,0.0,0.0,0.0,0.65097392,7
case2_5_160841001,case2_S2,0.013700232,0.0,0.539710319,0.0,0.0,0.0,0.0,0.446589449,7
case2_5_163090627,case2_S2,0.036931544,0.0,0.185329869,0.0,0.0,0.0,0.0,0.777738587,7
case2_5_164690383,case2_S2,0.084542755,0.0,0.466103801,0.0,0.0,0.0,0.0,0.449353444,7
case2_5_164741481,case2_S2,0.071915728,0.0,0.405475912,0.0,0.0,0.0,0.0,0.52260836,7
case2_5_164959016,case2_S2,0.977040689,0.0,0.021346697,0.0,0.0,0.0,0.0,0.001612614,6
case2_5_165574476,case2_S2,0.016183993,0.0,0.275792786,0.0,0.0,0.0,0.0,0.708023221,7
case2_5_169741174,case2_S2,0.071915728,0.0,0.405475912,0.0,0.0,0.0,0.0,0.52260836,7
case2_5_170141812,case2_S2,0.87536422,0.0,0.100854013,0.0,0.0,0.0,0.0,0.023781767,7
case2_5_173250338,case2_S2,8.31e-05,0.0,0.231563751,0.0,0.0,0.0,0.0,0.768353164,7
case2_5_176822056,case2_S2,0.001714121,0.0,0.51483676,0.0,0.0,0.0,0.0,0.483449119,7
case2_5_181049932,case2_S2,0.977040689,0.0,0.021346697,0.0,0.0,0.0,0.0,0.001612614,7
case2_5_181067561,case2_S2,0.002335965,0.0,0.355987553,0.0,0.0,0.0,0.0,0.641676483,6
case2_5_75954403,case2_S4,0.009936439,0.0,0.269327582,0.0,0.0,0.0,0.0,0.720735979,2
case2_5_86705611,case2_S4,0.985752641,0.0,0.013352821,0.0,0.0,0.0,0.0,0.000894539,2
case2_5_104868305,case2_S4,0.017795959,0.0,0.603457003,0.0,0.0,0.0,0.0,0.378747038,2
case2_5_151301350,case2_S4,0.070438638,0.0,0.204253366,0.0,0.0,0.0,0.0,0.725307995,2
case2_5_154528641,case2_S4,0.070438638,0.0,0.204253366,0.0,0.0,0.0,0.0,0.725307995,2
case2_5_155922124,case2_S4,0.057756742,0.0,0.298301358,0.0,0.0,0.0,0.0,0.6439419,2
case2_5_162988788,case2_S4,0.136357271,0.0,0.455884326,0.0,0.0,0.0,0.0,0.407758402,2
case2_5_164989218,case2_S4,0.326002852,0.0,0.244901217,0.0,0.0,0.0,0.0,0.429095931,2
case2_5_165686975,case2_S4,0.000146767,0.0,0.253608879,0.0,0.0,0.0,0.0,0.746244354,2
case2_5_174399311,case2_S4,0.094957714,0.0,0.506905019,0.0,0.0,0.0,0.0,0.398137266,2
case2_5_174638290,case2_S4,0.167892974,0.0,0.41741721,0.0,0.0,0.0,0.0,0.414689815,2
case2_5_175715047,case2_S4,0.956809945,0.0,0.043190055,0.0,0.0,0.0,0.0,2.14e-17,2
case2_6_691074,case2_S2,0.004367974,0.0,0.240618624,0.0,0.0,0.0,0.0,0.755013402,4
case2_6_3774152,case2_S2,0.084542755,0.0,0.466103801,0.0,0.0,0.0,0.0,0.449353444,7
case2_6_5585346,case2_S2,0.007073874,0.0,0.52740056,0.0,0.0,0.0,0.0,0.465525566,7
case2_6_6968263,case2_S2,0.932134418,0.0,0.067865582,0.0,0.0,0.0,0.0,3.79e-17,7
case2_6_9092609,case2_S2,5.37e-15,0.0,0.201592727,0.0,0.0,0.0,0.0,0.798407273,7
case2_6_11930545,case2_S2,3.07e-14,0.0,0.303905864,0.0,0.0,0.0,0.0,0.696094136,7
case2_6_14625154,case2_S2,0.87536422,0.0,0.100854013,0.0,0.0,0.0,0.0,0.023781767,7
case2_6_15880171,case2_S2,0.813004209,0.0,0.15164205,0.0,0.0,0.0,0.0,0.035353741,7
case2_6_16965714,case2_S2,0.977040689,0.0,0.021346697,0.0,0.0,0.0,0.0,0.001612614,7
case2_6_17224798,case2_S2,2.87e-15,0.0,0.34902608,0.0,0.0,0.0,0.0,0.65097392,4
case2_6_17340787,case2_S2,0.87536422,0.0,0.100854013,0.0,0.0,0.0,0.0,0.023781767,7
case2_6_17905999,case2_S2,0.010592883,0.0,0.579364775,0.0,0.0,0.0,0.0,0.410042341,7
case2_6_18369600,case2_S2,0.217125086,0.0,0.26308283,0.0,0.0,0.0,0.0,0.519792084,5
case2_6_19076727,case2_S2,0.977040689,0.0,0.021346697,0.0,0.0,0.0,0.0,0.001612614,7
case2_6_21033454,case2_S2,2.87e-15,0.0,0.34902608,0.0,0.0,0.0,0.0,0.65097392,7
case2_6_22162699,case2_S2,0.00248919,0.0,0.378561436,0.0,0.0,0.0,0.0,0.618949374,7
case2_6_22511715,case2_S2,0.224182627,0.0,0.377226296,0.0,0.0,0.0,0.0,0.398591077,7
case2_6_22854248,case2_S2,0.058018139,0.0,0.499543241,0.0,0.0,0.0,0.0,0.44243862,7
case2_6_23043164,case2_S2,5.83e-15,0.0,0.263257056,0.0,0.0,0.0,0.0,0.736742944,4
case2_6_23832671,case2_S2,0.000852762,0.0,0.384881298,0.0,0.0,0.0,0.0,0.61426594,7
case2_6_23909217,case2_S2,0.020200046,0.0,0.396982532,0.0,0.0,0.0,0.0,0.582817422,4
case2_6_24165128,case2_S2,0.001256342,0.0,0.584235398,0.0,0.0,0.0,0.0,0.414508259,7
case2_6_25215274,case2_S2,0.001256342,0.0,0.584235398,0.0,0.0,0.0,0.0,0.414508259,7
case2_6_25736354,case2_S2,0.011684899,0.0,0.275753124,0.0,0.0,0.0,0.0,0.712561977,7
case2_6_28523978,case2_S2,0.005661078,0.0,0.24749258,0.0,0.0,0.0,0.0,0.746846341,7
case2_6_33339726,case2_S2,0.932134418,0.0,0.067865582,0.0,0.0,0.0,0.0,3.79e-17,7
case2_6_39130143,case2_S2,0.87536422,0.0,0.100854013,0.0,0.0,0.0,0.0,0.023781767,7
case2_6_39801443,case2_S2,0.004230535,0.0,0.384155961,0.0,0.0,0.0,0.0,0.611613503,7
case2_6_42901627,case2_S2,5.34e-15,0.0,0.411012057,0.0,0.0,0.0,0.0,0.588987943,7
case2_6_44357084,case2_S2,8.31e-05,0.0,0.231563751,0.0,0.0,0.0,0.0,0.768353164,7
case2_6_46684000,case2_S2,0.001714121,0.0,0.51483676,0.0,0.0,0.0,0.0,0.483449119,7
case2_6_60284860,case2_S2,0.058018139,0.0,0.499543241,0.0,0.0,0.0,0.0,0.44243862,7
case2_6_60647699,case2_S2,0.004230535,0.0,0.384155961,0.0,0.0,0.0,0.0,0.611613503,7
case2_6_66421045,case2_S2,6.72e-15,0.0,0.265325324,0.0,0.0,0.0,0.0,0.734674676,7
case2_6_67146492,case2_S2,0.813004209,0.0,0.15164205,0.0,0.0,0.0,0.0,0.035353741,7
case2_6_67472659,case2_S2,0.977040689,0.0,0.021346697,0.0,0.0,0.0,0.0,0.001612614,7
case2_6_71083535,case2_S2,0.977040689,0.0,0.021346697,0.0,0.0,0.0,0.0,0.001612614,7
case2_6_71257785,case2_S2,0.111425627,0.0,0.407233459,0.0,0.0,0.0,0.0,0.481340914,7
case2_6_75172841,case2_S2,0.932134418,0.0,0.067865582,0.0,0.0,0.0,0.0,3.79e-17,7
case2_6_78144304,case2_S2,5.34e-15,0.0,0.411012057,0.0,0.0,0.0,0.0,0.588987943,7
case2_6_79294226,case2_S2,0.102867879,0.0,0.380208423,0.0,0.0,0.0,0.0,0.516923697,7
case2_6_82073099,case2_S2,0.002082156,0.0,0.516257914,0.0,0.0,0.0,0.0,0.48165993,7
case2_6_82652401,case2_S2,5.34e-15,0.0,0.411012057,0.0,0.0,0.0,0.0,0.588987943,7
case2_6_85639721,case2_S2,0.00248919,0.0,0.378561436,0.0,0.0,0.0,0.0,0.618949374,7
case2_6_95891853,case2_S2,0.813004209,0.0,0.15164205,0.0,0.0,0.0,0.0,0.035353741,7
case2_6_96805147,case2_S2,0.010592883,0.0,0.579364775,0.0,0.0,0.0,0.0,0.410042341,7
case2_6_97984707,case2_S2,0.000947337,0.0,0.196762301,0.0,0.0,0.0,0.0,0.802290362,7
case2_6_99710898,case2_S2,0.002082156,0.0,0.516257914,0.0,0.0,0.0,0.0,0.48165993,7
case2_6_102650792,case2_S2,0.813004209,0.0,0.15164205,0.0,0.0,0.0,0.0,0.035353741,7
case2_6_103885424,case2_S2,0.011684899,0.0,0.275753124,0.0,0.0,0.0,0.0,0.712561977,7
case2_6_104104716,case2_S2,0.10523602,0.0,0.422002673,0.0,0.0,0.0,0.0,0.472761306,7
case2_6_104815632,case2_S2,0.004230535,0.0,0.384155961,0.0,0.0,0.0,0.0,0.611613503,7
case2_6_107255059,case2_S2,0.977040689,0.0,0.021346697,0.0,0.0,0.0,0.0,0.001612614,7
case2_6_110377909,case2_S2,0.001714121,0.0,0.51483676,0.0,0.0,0.0,0.0,0.483449119,7
case2_6_112386588,case2_S2,0.084542755,0.0,0.466103801,0.0,0.0,0.0,0.0,0.449353444,7
case2_6_128670291,case2_S2,0.10523602,0.0,0.422002673,0.0,0.0,0.0,0.0,0.472761306,7
case2_6_133376741,case2_S2,0.028067265,0.0,0.351313017,0.0,0.0,0.0,0.0,0.620619718,7
case2_6_134504253,case2_S2,0.082401299,0.0,0.468692158,0.0,0.0,0.0,0.0,0.448906543,7
case2_6_137811909,case2_S2,6.72e-15,0.0,0.265325324,0.0,0.0,0.0,0.0,0.734674676,7
case2_6_143658848,case2_S2,0.084542755,0.0,0.466103801,0.0,0.0,0.0,0.0,0.449353444,7
case2_6_145771660,case2_S2,0.028067265,0.0,0.351313017,0.0,0.0,0.0,0.0,0.620619718,7
case2_6_151618842,case2_S2,3.02e-15,0.0,0.235957709,0.0,0.0,0.0,0.0,0.764042291,7
case2_6_154138322,case2_S2,5.37e-15,0.0,0.201592727,0.0,0.0,0.0,0.0,0.798407273,7
case2_6_156691402,case2_S2,0.065462313,0.0,0.351404318,0.0,0.0,0.0,0.0,0.583133368,7
case2_6_161639123,case2_S2,0.87536422,0.0,0.100854013,0.0,0.0,0.0,0.0,0.023781767,7
case2_6_163357714,case2_S2,0.87536422,0.0,0.100854013,0.0,0.0,0.0,0.0,0.023781767,7
case2_6_165494282,case2_S2,0.032007314,0.0,0.554627583,0.0,0.0,0.0,0.0,0.413365103,7
case2_6_168843556,case2_S2,0.125886382,0.0,0.373042523,0.0,0.0,0.0,0.0,0.501071094,7
case2_6_6293134,case2_S4,0.000792021,0.0,0.390719416,0.0,0.0,0.0,0.0,0.608488563,2
case2_6_32284107,case2_S4,0.066927692,0.0,0.428356429,0.0,0.0,0.0,0.0,0.504715879,2
case2_6_45498607,case2_S4,0.012879122,0.0,0.465699482,0.0,0.0,0.0,0.0,0.521421395,2
case2_6_45715374,case2_S4,9.23e-15,0.0,0.440372907,0.0,0.0,0.0,0.0,0.559627093,2
case2_6_66213693,case2_S4,0.037567537,0.0,0.464745177,0.0,0.0,0.0,0.0,0.497687287,2
case2_6_69426129,case2_S4,0.920497585,0.0,0.065752775,0.0,0.0,0.0,0.0,0.01374964,2
case2_6_86452607,case2_S4,0.001704298,0.0,0.162873971,0.0,0.0,0.0,0.0,0.835421731,2
case2_6_139760319,case2_S4,0.094957714,0.0,0.506905019,0.0,0.0,0.0,0.0,0.398137266,2
case2_6_147397185,case2_S4,0.165168717,0.0,0.37849207,0.0,0.0,0.0,0.0,0.456339213,2
case2_6_147660160,case2_S4,0.920497585,0.0,0.065752775,0.0,0.0,0.0,0.0,0.01374964,2
case2_6_148213589,case2_S4,0.10839141,0.0,0.360742786,0.0,0.0,0.0,0.0,0.530865804,2
case2_6_157039974,case2_S4,0.920497585,0.0,0.065752775,0.0,0.0,0.0,0.0,0.01374964,2
case2_6_163299708,case2_S4,0.985752641,0.0,0.013352821,0.0,0.0,0.0,0.0,0.000894539,2
case2_6_166316593,case2_S4,0.877539191,0.0,0.10147999,0.0,0.0,0.0,0.0,0.020980819,2
case2_6_169442870,case2_S4,0.034426071,0.0,0.419462883,0.0,0.0,0.0,0.0,0.546111046,2
case2_6_170437100,case2_S4,5e-15,0.0,0.376791643,0.0,0.0,0.0,0.0,0.623208357,2
case2_7_1357603,case2_S2,0.932134418,0.0,0.067865582,0.0,0.0,0.0,0.0,3.79e-17,7
case2_7_5110146,case2_S2,0.87536422,0.0,0.100854013,0.0,0.0,0.0,0.0,0.023781767,5
case2_7_5410326,case2_S2,0.084542755,0.0,0.466103801,0.0,0.0,0.0,0.0,0.449353444,7
case2_7_17278156,case2_S2,0.02219829,0.0,0.442929539,0.0,0.0,0.0,0.0,0.534872172,7
case2_7_21654446,case2_S2,0.87536422,0.0,0.100854013,0.0,0.0,0.0,0.0,0.023781767,7
case2_7_24211999,case2_S2,0.007073874,0.0,0.52740056,0.0,0.0,0.0,0.0,0.465525566,7
case2_7_28757541,case2_S2,0.932134418,0.0,0.067865582,0.0,0.0,0.0,0.0,3.79e-17,7
case2_7_28838498,case2_S2,0.058018139,0.0,0.499543241,0.0,0.0,0.0,0.0,0.44243862,5
case2_7_29006822,case2_S2,0.02219829,0.0,0.442929539,0.0,0.0,0.0,0.0,0.534872172,5
case2_7_31457160,case2_S2,0.932134418,0.0,0.067865582,0.0,0.0,0.0,0.0,3.79e-17,5
case2_7_32678842,case2_S2,0.002082156,0.0,0.516257914,0.0,0.0,0.0,0.0,0.48165993,7
case2_7_33390572,case2_S2,0.010592883,0.0,0.579364775,0.0,0.0,0.0,0.0,0.410042341,7
case2_7_40920453,case2_S2,6.72e-15,0.0,0.265325324,0.0,0.0,0.0,0.0,0.734674676,7
case2_7_41433910,case2_S2,0.932134418,0.0,0.067865582,0.0,0.0,0.0,0.0,3.79e-17,7
case2_7_41801886,case2_S2,0.007073874,0.0,0.52740056,0.0,0.0,0.0,0.0,0.465525566,7
case2_7_42113746,case2_S2,8.31e-05,0.0,0.231563751,0.0,0.0,0.0,0.0,0.768353164,7
case2_7_42202814,case2_S2,3.02e-15,0.0,0.235957709,0.0,0.0,0.0,0.0,0.764042291,7
case2_7_44350927,case2_S2,0.813004209,0.0,0.15164205,0.0,0.0,0.0,0.0,0.035353741,7
case2_7_45536138,case2_S2,0.011075171,0.0,0.193562122,0.0,0.0,0.0,0.0,0.795362707,7
case2_7_46297798,case2_S2,5.34e-15,0.0,0.411012057,0.0,0.0,0.0,0.0,0.588987943,7
case2_7_49960159,case2_S2,0.001714121,0.0,0.51483676,0.0,0.0,0.0,0.0,0.483449119,7
case2_7_51847612,case2_S2,0.000955389,0.0,0.147264974,0.0,0.0,0.0,0.0,0.851779637,7
case2_7_51921399,case2_S2,0.932134418,0.0,0.067865582,0.0,0.0,0.0,0.0,3.79e-17,7
case2_7_54357243,case2_S2,0.000852762,0.0,0.384881298,0.0,0.0,0.0,0.0,0.61426594,7
case2_7_57109682,case2_S2,0.033773912,0.0,0.281349966,0.0,0.0,0.0,0.0,0.684876122,7
case2_7_57370345,case2_S2,6.72e-15,0.0,0.265325324,0.0,0.0,0.0,0.0,0.734674676,7
case2_7_57739434,case2_S2,0.005489967,0.0,0.168704376,0.0,0.0,0.0,0.0,0.825805658,7
case2_7_63990118,case2_S2,0.977040689,0.0,0.021346697,0.0,0.0,0.0,0.0,0.001612614,7
case2_7_67781588,case2_S2,0.04097465,0.0,0.19164014,0.0,0.0,0.0,0.0,0.76738521,6
case2_7_68070928,case2_S2,0.005661078,0.0,0.24749258,0.0,0.0,0.0,0.0,0.746846341,7
case2_7_68242746,case2_S2,0.01480037,0.0,0.238358773,0.0,0.0,0.0,0.0,0.746840857,7
case2_7_68254673,case2_S2,0.977040689,0.0,0.021346697,0.0,0.0,0.0,0.0,0.001612614,7
case2_7_69426805,case2_S2,0.932134418,0.0,0.067865582,0.0,0.0,0.0,0.0,3.79e-17,7
case2_7_71830339,case2_S2,0.87536422,0.0,0.100854013,0.0,0.0,0.0,0.0,0.023781767,7
case2_7_72378859,case2_S2,0.062712862,0.0,0.322594375,0.0,0.0,0.0,0.0,0.614692763,7
case2_7_73259979,case2_S2,0.084542755,0.0,0.466103801,0.0,0.0,0.0,0.0,0.449353444,7
case2_7_81781028,case2_S2,0.813004209,0.0,0.15164205,0.0,0.0,0.0,0.0,0.035353741,7
case2_7_84113133,case2_S2,0.084542755,0.0,0.466103801,0.0,0.0,0.0,0.0,0.449353444,7
case2_7_85158615,case2_S2,0.03321346,0.0,0.395369266,0.0,0.0,0.0,0.0,0.571417275,7
case2_7_86615247,case2_S2,0.005661078,0.0,0.24749258,0.0,0.0,0.0,0.0,0.746846341,7
case2_7_88451750,case2_S2,0.932134418,0.0,0.067865582,0.0,0.0,0.0,0.0,3.79e-17,7
case2_7_88703721,case2_S2,0.065462313,0.0,0.351404318,0.0,0.0,0.0,0.0,0.583133368,7
case2_7_90655401,case2_S2,0.813004209,0.0,0.15164205,0.0,0.0,0.0,0.0,0.035353741,7
case2_7_97331833,case2_S2,0.036931544,0.0,0.185329869,0.0,0.0,0.0,0.0,0.777738587,7
case2_7_97583574,case2_S2,8.31e-05,0.0,0.231563751,0.0,0.0,0.0,0.0,0.768353164,7
case2_7_99758004,case2_S2,0.87536422,0.0,0.100854013,0.0,0.0,0.0,0.0,0.023781767,7
case2_7_103577729,case2_S2,0.001714121,0.0,0.51483676,0.0,0.0,0.0,0.0,0.483449119,7
case2_7_104137777,case2_S2,0.87536422,0.0,0.100854013,0.0,0.0,0.0,0.0,0.023781767,7
case2_7_106716696,case2_S2,0.004230535,0.0,0.384155961,0.0,0.0,0.0,0.0,0.611613503,7
case2_7_109180371,case2_S2,0.04097465,0.0,0.19164014,0.0,0.0,0.0,0.0,0.76738521,7
case2_7_109572264,case2_S2,0.005661078,0.0,0.24749258,0.0,0.0,0.0,0.0,0.746846341,7
case2_7_112523893,case2_S2,0.084520907,0.0,0.455778114,0.0,0.0,0.0,0.0,0.459700979,7
case2_7_112788681,case2_S2,0.002082156,0.0,0.516257914,0.0,0.0,0.0,0.0,0.48165993,7
case2_7_113309008,case2_S2,0.002335965,0.0,0.355987553,0.0,0.0,0.0,0.0,0.641676483,7
case2_7_115283929,case2_S2,0.005484285,0.0,0.499545135,0.0,0.0,0.0,0.0,0.49497058,7
case2_7_118672940,case2_S2,0.005661078,0.0,0.24749258,0.0,0.0,0.0,0.0,0.746846341,7
case2_7_122807955,case2_S2,0.021921026,0.0,0.226656774,0.0,0.0,0.0,0.0,0.7514222,7
case2_7_123436609,case2_S2,0.011684899,0.0,0.275753124,0.0,0.0,0.0,0.0,0.712561977,7
case2_7_125326200,case2_S2,2.2e-14,0.0,0.293259251,0.0,0.0,0.0,0.0,0.706740749,5
case2_7_125663060,case2_S2,0.011684899,0.0,0.275753124,0.0,0.0,0.0,0.0,0.712561977,7
case2_7_125849631,case2_S2,0.011684899,0.0,0.275753124,0.0,0.0,0.0,0.0,0.712561977,7
case2_7_126343139,case2_S2,0.004367974,0.0,0.240618624,0.0,0.0,0.0,0.0,0.755013402,7
case2_7_126406181,case2_S2,0.001714121,0.0,0.51483676,0.0,0.0,0.0,0.0,0.483449119,7
case2_7_126847413,case2_S2,0.000728723,0.0,0.455477239,0.0,0.0,0.0,0.0,0.543794038,7
case2_7_126933534,case2_S2,0.005489967,0.0,0.168704376,0.0,0.0,0.0,0.0,0.825805658,7
case2_7_140728196,case2_S2,0.051011368,0.0,0.272537665,0.0,0.0,0.0,0.0,0.676450967,7
case2_7_140970115,case2_S2,0.084520907,0.0,0.455778114,0.0,0.0,0.0,0.0,0.459700979,7
case2_7_142637963,case2_S2,0.03321346,0.0,0.395369266,0.0,0.0,0.0,0.0,0.571417275,7
case2_7_145211504,case2_S2,0.000455783,0.0,0.36265984,0.0,0.0,0.0,0.0,0.636884377,7
case2_7_148111140,case2_S2,0.125886382,0.0,0.373042523,0.0,0.0,0.0,0.0,0.501071094,7
case2_7_148157869,case2_S2,0.032007314,0.0,0.554627583,0.0,0.0,0.0,0.0,0.413365103,7
case2_7_150437261,case2_S2,0.000455783,0.0,0.36265984,0.0,0.0,0.0,0.0,0.636884377,7
case2_7_152069257,case2_S2,0.000955389,0.0,0.147264974,0.0,0.0,0.0,0.0,0.851779637,7
case2_7_8837080,case2_S4,0.132947986,0.0,0.468837599,0.0,0.0,0.0,0.0,0.398214415,2
case2_7_9408722,case2_S4,0.023069925,0.0,0.563463821,0.0,0.0,0.0,0.0,0.413466254,2
case2_7_10606709,case2_S4,0.002921555,0.0,0.544038125,0.0,0.0,0.0,0.0,0.45304032,2
case2_7_10898589,case2_S4,0.020341929,0.0,0.297628591,0.0,0.0,0.0,0.0,0.68202948,2
case2_7_26472334,case2_S4,0.956809945,0.0,0.043190055,0.0,0.0,0.0,0.0,2.14e-17,2
case2_7_56368082,case2_S4,0.001251875,0.0,0.485123193,0.0,0.0,0.0,0.0,0.513624932,2
case2_7_69618239,case2_S4,0.956809945,0.0,0.043190055,0.0,0.0,0.0,0.0,2.14e-17,2
case2_7_86652711,case2_S4,0.985752641,0.0,0.013352821,0.0,0.0,0.0,0.0,0.000894539,2
case2_7_96873608,case2_S4,0.001477394,0.0,0.413411425,0.0,0.0,0.0,0.0,0.585111181,2
case2_7_97295838,case2_S4,0.136231086,0.0,0.465660614,0.0,0.0,0.0,0.0,0.3981083,2
case2_7_106088098,case2_S4,0.034541242,0.0,0.328956386,0.0,0.0,0.0,0.0,0.636502372,2
case2_7_113017376,case2_S4,0.956809945,0.0,0.043190055,0.0,0.0,0.0,0.0,2.14e-17,2
case2_7_114712300,case2_S4,0.057756742,0.0,0.298301358,0.0,0.0,0.0,0.0,0.6439419,2
case2_7_120816025,case2_S4,0.000146767,0.0,0.253608879,0.0,0.0,0.0,0.0,0.746244354,2
case2_7_144679284,case2_S4,0.034541242,0.0,0.328956386,0.0,0.0,0.0,0.0,0.636502372,2
case2_7_147365975,case2_S4,0.877539191,0.0,0.10147999,0.0,0.0,0.0,0.0,0.020980819,2
case2_7_158247090,case2_S4,0.007310709,0.0,0.411584311,0.0,0.0,0.0,0.0,0.581104979,2
case2_8_4364750,case2_S2,0.87536422,0.0,0.100854013,0.0,0.0,0.0,0.0,0.023781767,7
case2_8_4426184,case2_S2,0.029627612,0.0,0.197428819,0.0,0.0,0.0,0.0,0.77294357,7
case2_8_5950933,case2_S2,0.000455783,0.0,0.36265984,0.0,0.0,0.0,0.0,0.636884377,7
case2_8_6954300,case2_S2,0.932134418,0.0,0.067865582,0.0,0.0,0.0,0.0,3.79e-17,7
case2_8_10675870,case2_S2,0.932134418,0.0,0.067865582,0.0,0.0,0.0,0.0,3.79e-17,7
case2_8_13888506,case2_S2,0.002385098,0.0,0.132726519,0.0,0.0,0.0,0.0,0.864888384,7
case2_8_14125754,case2_S2,0.001256342,0.0,0.584235398,0.0,0.0,0.0,0.0,0.414508259,7
case2_8_14161565,case2_S2,0.084520907,0.0,0.455778114,0.0,0.0,0.0,0.0,0.459700979,7
case2_8_15806697,case2_S2,0.000955389,0.0,0.147264974,0.0,0.0,0.0,0.0,0.851779637,7
case2_8_17539334,case2_S2,0.008706914,0.0,0.348021882,0.0,0.0,0.0,0.0,0.643271204,7
case2_8_24625338,case2_S2,0.00248919,0.0,0.378561436,0.0,0.0,0.0,0.0,0.618949374,7
case2_8_25252647,case2_S2,0.001256342,0.0,0.584235398,0.0,0.0,0.0,0.0,0.414508259,7
case2_8_32098201,case2_S2,8.31e-05,0.0,0.231563751,0.0,0.0,0.0,0.0,0.768353164,7
case2_8_34106809,case2_S2,0.011684899,0.0,0.275753124,0.0,0.0,0.0,0.0,0.712561977,7
case2_8_34342652,case2_S2,0.015871109,0.0,0.342165649,0.0,0.0,0.0,0.0,0.641963242,7
case2_8_39859642,case2_S2,5.83e-15,0.0,0.263257056,0.0,0.0,0.0,0.0,0.736742944,7
case2_8_41852349,case2_S2,0.87536422,0.0,0.100854013,0.0,0.0,0.0,0.0,0.023781767,7
case2_8_55696062,case2_S2,0.000955389,0.0,0.147264974,0.0,0.0,0.0,0.0,0.851779637,7
case2_8_64283056,case2_S2,0.111425627,0.0,0.407233459,0.0,0.0,0.0,0.0,0.481340914,7
case2_8_67979647,case2_S2,0.000955389,0.0,0.147264974,0.0,0.0,0.0,0.0,0.851779637,7
case2_8_68663718,case2_S2,0.111425627,0.0,0.407233459,0.0,0.0,0.0,0.0,0.481340914,7
case2_8_70391120,case2_S2,0.071915728,0.0,0.405475912,0.0,0.0,0.0,0.0,0.52260836,7
case2_8_72304871,case2_S2,8.31e-05,0.0,0.231563751,0.0,0.0,0.0,0.0,0.768353164,7
case2_8_75249108,case2_S2,0.024196036,0.0,0.276619733,0.0,0.0,0.0,0.0,0.699184232,6
case2_8_75825809,case2_S2,0.000455783,0.0,0.36265984,0.0,0.0,0.0,0.0,0.636884377,7
case2_8_76769190,case2_S2,0.04097465,0.0,0.19164014,0.0,0.0,0.0,0.0,0.76738521,7
case2_8_80556437,case2_S2,0.10523602,0.0,0.422002673,0.0,0.0,0.0,0.0,0.472761306,7
case2_8_90070090,case2_S2,7.8e-15,0.0,0.186907275,0.0,0.0,0.0,0.0,0.813092725,7
case2_8_91484786,case2_S2,0.87536422,0.0,0.100854013,0.0,0.0,0.0,0.0,0.023781767,7
case2_8_97268870,case2_S2,0.005484285,0.0,0.499545135,0.0,0.0,0.0,0.0,0.49497058,7
case2_8_101173473,case2_S2,0.00248919,0.0,0.378561436,0.0,0.0,0.0,0.0,0.618949374,7
case2_8_104135538,case2_S2,0.011684899,0.0,0.275753124,0.0,0.0,0.0,0.0,0.712561977,7
case2_8_105056717,case2_S2,2.51e-14,0.0,0.366605243,0.0,0.0,0.0,0.0,0.633394757,7
case2_8_112078822,case2_S2,0.217125086,0.0,0.26308283,0.0,0.0,0.0,0.0,0.519792084,7
case2_8_114769980,case2_S2,0.084520907,0.0,0.455778114,0.0,0.0,0.0,0.0,0.459700979,7
case2_8_121644941,case2_S2,0.004367974,0.0,0.240618624,0.0,0.0,0.0,0.0,0.755013402,7
case2_8_131264831,case2_S2,0.043323792,0.0,0.261194425,0.0,0.0,0.0,0.0,0.695481783,6
case2_8_132176773,case2_S2,8.31e-05,0.0,0.231563751,0.0,0.0,0.0,0.0,0.768353164,7
case2_8_134837010,case2_S2,0.000852762,0.0,0.384881298,0.0,0.0,0.0,0.0,0.61426594,7
case2_8_137583496,case2_S2,0.084542755,0.0,0.466103801,0.0,0.0,0.0,0.0,0.449353444,7
case2_8_139107428,case2_S2,0.071915728,0.0,0.405475912,0.0,0.0,0.0,0.0,0.52260836,7
case2_8_139439138,case2_S2,0.010592883,0.0,0.579364775,0.0,0.0,0.0,0.0,0.410042341,7
case2_8_141688218,case2_S2,2.2e-14,0.0,0.293259251,0.0,0.0,0.0,0.0,0.706740749,7
case2_8_142528794,case2_S2,0.125886382,0.0,0.373042523,0.0,0.0,0.0,0.0,0.501071094,7
case2_8_144254077,case2_S2,0.977040689,0.0,0.021346697,0.0,0.0,0.0,0.0,0.001612614,7
case2_8_3294597,case2_S4,0.985752641,0.0,0.013352821,0.0,0.0,0.0,0.0,0.000894539,2
case2_8_11122707,case2_S4,0.086181969,0.0,0.285471671,0.0,0.0,0.0,0.0,0.62834636,2
case2_8_23585626,case2_S4,0.086181969,0.0,0.285471671,0.0,0.0,0.0,0.0,0.62834636,2
case2_8_25207494,case2_S4,0.034541242,0.0,0.328956386,0.0,0.0,0.0,0.0,0.636502372,2
case2_8_32605397,case2_S4,9.23e-15,0.0,0.440372907,0.0,0.0,0.0,0.0,0.559627093,2
case2_8_48039601,case2_S4,0.002833552,0.0,0.269893823,0.0,0.0,0.0,0.0,0.727272624,2
case2_8_80580504,case2_S4,0.920497585,0.0,0.065752775,0.0,0.0,0.0,0.0,0.01374964,2
case2_8_82660936,case2_S4,0.956809945,0.0,0.043190055,0.0,0.0,0.0,0.0,2.14e-17,7
case2_8_84916535,case2_S4,0.008538393,0.0,0.255742642,0.0,0.0,0.0,0.0,0.735718965,2
case2_8_86214829,case2_S4,5e-15,0.0,0.376791643,0.0,0.0,0.0,0.0,0.623208357,2
case2_8_90394652,case2_S4,0.00973187,0.0,0.185412907,0.0,0.0,0.0,0.0,0.804855223,2
case2_8_94079327,case2_S4,0.326002852,0.0,0.244901217,0.0,0.0,0.0,0.0,0.429095931,2
case2_8_100679851,case2_S4,0.10839141,0.0,0.360742786,0.0,0.0,0.0,0.0,0.530865804,2
case2_8_123306688,case2_S4,0.066927692,0.0,0.428356429,0.0,0.0,0.0,0.0,0.504715879,2
case2_8_141760730,case2_S4,0.956809945,0.0,0.043190055,0.0,0.0,0.0,0.0,2.14e-17,2
case2_9_30121816,case2_S10,0.939429229,0.0,0.060570771,0.0,0.0,0.0,0.0,2.37e-17,1
case2_9_80346232,case2_S10,0.001620587,0.0,0.667390863,0.0,0.0,0.0,0.0,0.33098855,1
case2_9_18070238,case2_S2,0.004853671,0.0,0.234482427,0.0,0.0,0.0,0.0,0.760663902,7
case2_9_22566713,case2_S2,0.036931544,0.0,0.185329869,0.0,0.0,0.0,0.0,0.777738587,7
case2_9_24589106,case2_S2,0.058018139,0.0,0.499543241,0.0,0.0,0.0,0.0,0.44243862,7
case2_9_27246300,case2_S2,0.813004209,0.0,0.15164205,0.0,0.0,0.0,0.0,0.035353741,7
case2_9_32582274,case2_S2,0.036931544,0.0,0.185329869,0.0,0.0,0.0,0.0,0.777738587,7
case2_9_35755732,case2_S2,0.87536422,0.0,0.100854013,0.0,0.0,0.0,0.0,0.023781767,7
case2_9_66785313,case2_S2,0.977040689,0.0,0.021346697,0.0,0.0,0.0,0.0,0.001612614,4
case2_9_71203758,case2_S2,0.009720614,0.0,0.207448933,0.0,0.0,0.0,0.0,0.782830453,7
case2_9_77551732,case2_S2,0.004230535,0.0,0.384155961,0.0,0.0,0.0,0.0,0.611613503,7
case2_9_78967404,case2_S2,0.005484285,0.0,0.499545135,0.0,0.0,0.0,0.0,0.49497058,7
case2_9_85236008,case2_S2,0.035162501,0.0,0.581711393,0.0,0.0,0.0,0.0,0.383126105,7
case2_9_90595803,case2_S2,0.125886382,0.0,0.373042523,0.0,0.0,0.0,0.0,0.501071094,7
case2_9_92747507,case2_S2,0.00248919,0.0,0.378561436,0.0,0.0,0.0,0.0,0.618949374,7
case2_9_99474352,case2_S2,3.02e-15,0.0,0.235957709,0.0,0.0,0.0,0.0,0.764042291,5
case2_9_99573948,case2_S2,0.10523602,0.0,0.422002673,0.0,0.0,0.0,0.0,0.472761306,7
case2_9_103877758,case2_S2,0.007073874,0.0,0.52740056,0.0,0.0,0.0,0.0,0.465525566,7
case2_9_116805988,case2_S2,0.001256342,0.0,0.584235398,0.0,0.0,0.0,0.0,0.414508259,7
case2_9_119480734,case2_S2,0.003246079,0.0,0.305599706,0.0,0.0,0.0,0.0,0.691154215,7
case2_9_119681270,case2_S2,0.01480037,0.0,0.238358773,0.0,0.0,0.0,0.0,0.746840857,7
case2_9_127600116,case2_S2,0.813004209,0.0,0.15164205,0.0,0.0,0.0,0.0,0.035353741,7
case2_9_132302398,case2_S2,0.062712862,0.0,0.322594375,0.0,0.0,0.0,0.0,0.614692763,7
case2_9_132875122,case2_S2,0.977040689,0.0,0.021346697,0.0,0.0,0.0,0.0,0.001612614,7
case2_9_133220072,case2_S2,0.039937436,0.0,0.4122803,0.0,0.0,0.0,0.0,0.547782263,5
case2_9_134657985,case2_S2,0.004853671,0.0,0.234482427,0.0,0.0,0.0,0.0,0.760663902,7
case2_9_136249641,case2_S2,0.932134418,0.0,0.067865582,0.0,0.0,0.0,0.0,3.79e-17,7
case2_9_137122907,case2_S2,0.125886382,0.0,0.373042523,0.0,0.0,0.0,0.0,0.501071094,7
case2_9_1868556,case2_S4,0.132947986,0.0,0.468837599,0.0,0.0,0.0,0.0,0.398214415,2
case2_9_9712583,case2_S4,0.985752641,0.0,0.013352821,0.0,0.0,0.0,0.0,0.000894539,2
case2_9_11388673,case2_S4,0.956809945,0.0,0.043190055,0.0,0.0,0.0,0.0,2.14e-17,2
case2_9_13962580,case2_S4,0.034541242,0.0,0.328956386,0.0,0.0,0.0,0.0,0.636502372,2
case2_9_19518663,case2_S4,0.956809945,0.0,0.043190055,0.0,0.0,0.0,0.0,2.14e-17,2
case2_9_20211294,case2_S4,0.177272916,0.0,0.401687021,0.0,0.0,0.0,0.0,0.421040062,2
case2_9_92506143,case2_S4,0.086181969,0.0,0.285471671,0.0,0.0,0.0,0.0,0.62834636,2
case2_9_100868661,case2_S4,0.071777316,0.0,0.19697541,0.0,0.0,0.0,0.0,0.731247273,2
case2_9_103323121,case2_S4,0.019485453,0.0,0.211138532,0.0,0.0,0.0,0.0,0.769376014,2
case2_9_109869063,case2_S4,0.177272916,0.0,0.401687021,0.0,0.0,0.0,0.0,0.421040062,2
case2_9_118625049,case2_S4,0.920497585,0.0,0.065752775,0.0,0.0,0.0,0.0,0.01374964,2
case2_9_119325919,case2_S4,9.52e-15,0.0,0.2216227,0.0,0.0,0.0,0.0,0.7783773,2
case2_9_136778115,case2_S4,0.136357271,0.0,0.455884326,0.0,0.0,0.0,0.0,0.407758402,2
case2_X_593329,case2_S2,0.87536422,0.0,0.100854013,0.0,0.0,0.0,0.0,0.023781767,7
case2_X_797962,case2_S2,0.977040689,0.0,0.021346697,0.0,0.0,0.0,0.0,0.001612614,7
case2_X_1569975,case2_S2,0.813004209,0.0,0.15164205,0.0,0.0,0.0,0.0,0.035353741,7
case2_X_2496445,case2_S4,0.920497585,0.0,0.065752775,0.0,0.0,0.0,0.0,0.01374964,2
