sampleID,chrom1,start1,end1,chrom2,start2,end2,length
case15_S1,18,23022607,23022607,X,6803096,6803096,16219511
case15_S1,2,95247416,95247416,20,38665534,38665534,56581882
case15_S1,14,29258898,29258898,17,35945144,35945144,6686246
case15_S1,11,12578594,12578594,17,6692182,6692182,5886412
case15_S1,12,66057593,66057593,13,96004655,96004655,29947062
case15_S1,1,205255338,205255338,12,56665391,56665391,148589947
case15_S1,1,56353740,56353740,9,99651185,99651185,43297445
case15_S1,12,95839811,95839811,7,154493531,154493531,58653720
case15_S1,4,1707297,1707297,5,107437178,107437178,105729881
case15_S1,19,17463787,17463787,4,140362278,140362278,122898491
case15_S1,18,4771511,4771511,4,4200635,4200635,570876
case15_S1,12,66057593,66057593,3,65979184,65979184,78409
case15_S10,5,157375597,157375597,Y,56876171,56876171,100499426
case15_S10,18,23022678,23022678,X,6803105,6803105,16219573
case15_S10,17,17818268,17818269,21,36037623,36037622,18219355
case15_S10,2,65386930,65386930,20,55081089,55081089,10305841
case15_S10,11,76931817,76931817,16,59035914,59035914,17895903
case15_S10,12,66057593,66057593,13,44012579,44012579,22045014
case15_S10,1,93181317,93181317,12,66057592,66057592,27123725
case15_S10,19,18907281,18907281,8,112680426,112680426,93773145
case15_S10,19,18917204,18917204,8,72207970,72207970,53290766
case15_S10,1,118807900,118807900,8,38695894,38695894,80112006
case15_S10,1,236960026,236960028,8,39734635,39734633,197225391
case15_S10,12,12415442,12415442,4,9703222,9703222,2712220
case15_S10,12,66057593,66057593,4,75846820,75846820,9789227
case15_S10,1,225902278,225902278,2,174413608,174413608,51488670
case15_S11,14,38539629,38539629,22,37821766,37821766,717863
case15_S11,17,17818268,17818269,21,36037623,36037622,18219355
case15_S11,1,109927211,109927211,21,8219855,8219855,101707356
case15_S11,18,68090425,68090425,19,18288135,18288135,49802290
case15_S11,1,248213410,248213410,16,47115751,47115751,201097659
case15_S11,13,55708468,55708468,9,137604644,137604644,81896176
case15_S11,1,152988893,152988893,9,42161940,42161940,110826953
case15_S11,19,5601135,5601135,8,43291166,43291166,37690031
case15_S11,19,5602796,5602796,8,42115896,42115896,36513100
case15_S11,19,5623722,5623722,8,43303571,43303571,37679849
case15_S11,19,18907577,18907577,8,72188672,72188672,53281095
case15_S11,19,18907761,18907761,8,72189614,72189614,53281853
case15_S11,19,18917204,18917204,8,72207976,72207976,53290772
case15_S11,19,18918014,18918014,8,112647744,112647744,93729730
case15_S11,19,22857901,22857901,8,72191816,72191816,49333915
case15_S11,1,118807900,118807900,8,38695894,38695894,80112006
case15_S11,1,209256808,209256810,8,39034405,39034407,170222403
case15_S11,1,236960026,236960028,8,39734635,39734633,197225391
case15_S11,1,237872451,237872451,8,43295333,43295333,194577118
case15_S11,1,241450383,241450384,8,42103152,42103153,199347231
case15_S11,3,187047937,187047937,6,29901391,29901391,157146546
case15_S11,2,53803471,53803471,6,1397130,1397130,52406341
case15_S11,10,121398409,121398409,4,90090736,90090736,31307673
case15_S11,19,6344196,6344196,3,85237155,85237155,78892959
case15_S11,12,66057593,66057593,2,86943412,86943412,20885819
case15_S3,4,158351682,158351682,Y,14510869,14510869,143840813
case15_S3,16,30063096,30063096,X,2353668,2353668,27709428
case15_S3,12,104813259,104813259,X,11935204,11935204,92878055
case15_S3,2,75156358,75156358,X,79243897,79243897,4087539
case15_S3,14,85504032,85504032,17,15489962,15489962,70014070
case15_S3,12,66057593,66057593,14,91606976,91606976,25549383
case15_S3,7,41747474,41747474,9,130577072,130577072,88829598
case15_S3,6,106243872,106243872,7,94173071,94173071,12070801
case15_S3,3,164407825,164407825,7,5776994,5776994,158630831
case15_S3,11,63105921,63105921,6,7028905,7028905,56077016
case15_S3,1,177720711,177720711,6,143229892,143229892,34490819
case15_S3,1,15225778,15225778,5,30323726,30323726,15097948
case15_S3,12,66057592,66057592,2,223746868,223746868,157689276
case15_S3,1,96746826,96746826,2,109353484,109353484,12606658
case15_S4,11,85833149,85833149,X,17050144,17050144,68783005
case15_S4,1,70269061,70269061,12,66057592,66057592,4211469
case15_S4,21,43337076,43337076,7,44254777,44254777,917701
case15_S4,10,123114694,123114694,7,52045083,52045083,71069611
case15_S4,15,100962795,100962795,6,111422673,111422673,10459878
case15_S4,11,97883058,97883058,6,45661195,45661195,52221863
case7_S1,7,142824231,142824232,X,132058073,132058074,10766158
case7_S1,12,94926966,94926966,21,41736139,41736139,53190827
case7_S1,14,91225896,91225896,18,50449868,50449868,40776028
case7_S1,1,31452054,31452054,17,63510085,63510085,32058031
case7_S1,2,101910227,101910229,8,42707019,42707017,59203208
case7_S1,2,104559423,104559423,8,83124397,83124397,21435026
case7_S1,2,104957559,104957561,8,43278293,43278295,61679266
case7_S1,2,105791814,105791814,8,43110152,43110152,62681662
case7_S1,2,105791820,105791820,8,43045110,43045110,62746710
case7_S1,2,106031249,106031249,8,41995693,41995693,64035556
case7_S1,2,107014313,107014314,8,39689570,39689571,67324743
case7_S1,13,78659155,78659155,6,146270973,146270973,67611818
case7_S1,2,143046627,143046627,6,82306846,82306846,60739781
case7_S1,12,12418917,12418917,5,68283217,68283217,55864300
case7_S1,12,11508842,11508842,4,144676622,144676622,133167780
case7_S1,12,11509567,11509567,4,144676806,144676806,133167239
case7_S1,12,12415442,12415442,4,9703187,9703187,2712255
case7_S1,19,33757595,33757595,3,49200476,49200476,15442881
case7_S1,18,49870180,49870180,3,85845582,85845582,35975402
case7_S1,11,2914675,2914675,2,120652450,120652450,117737775
case7_S4,7,142824231,142824232,X,132058073,132058074,10766158
case7_S4,2,84501618,84501618,22,49230631,49230631,35270987
case7_S4,16,72624128,72624130,21,38417732,38417734,34206396
case7_S4,12,66057593,66057593,21,10692901,10692901,55364692
case7_S4,21,10419634,10419634,8,43017339,43017339,32597705
case7_S4,3,57945245,57945246,8,123235366,123235365,65290121
case7_S4,3,57945460,57945460,8,123229143,123229143,65283683
case7_S4,2,88108152,88108152,8,42296850,42296850,45811302
case7_S4,2,88558596,88558599,8,41691358,41691361,46867238
case7_S4,2,90011416,90011417,8,42569762,42569763,47441654
case7_S4,2,101910227,101910229,8,42707019,42707017,59203208
case7_S4,2,104305871,104305875,8,40819504,40819508,63486367
case7_S4,2,104559423,104559423,8,83124397,83124397,21435026
case7_S4,2,104957559,104957559,8,43278295,43278295,61679264
case7_S4,2,106031249,106031249,8,41995841,41995841,64035408
case7_S4,2,107014313,107014314,8,39689570,39689571,67324743
case7_S4,13,48372232,48372232,6,73032805,73032805,24660573
case7_S4,12,9221393,9221393,6,19637045,19637045,10415652
case7_S4,12,66057593,66057593,6,135108068,135108068,69050475
case7_S4,4,14654,14654,6,135090325,135090325,135075671
case7_S4,2,95300783,95300783,6,80226290,80226290,15074493
case7_S4,2,95300920,95300921,6,80225142,80225141,15075778
case7_S4,4,104453186,104453186,5,79180383,79180383,25272803
case7_S4,12,12392048,12392048,4,184589969,184589969,172197921
case7_S4,12,12415442,12415442,4,9703222,9703222,2712220
case7_S4,12,15320686,15320686,4,94564263,94564263,79243577
case7_S4,19,33757598,33757598,3,49200476,49200476,15442878
case7_S4,11,2914675,2914675,2,120652450,120652450,117737775
case7_S4,11,120911246,120911246,2,84501731,84501731,36409515
case7_S5,12,26516366,26516366,X,107910770,107910770,81394404
case7_S5,7,142824231,142824232,X,132058073,132058074,10766158
case7_S5,16,72624128,72624128,21,38417734,38417734,34206394
case7_S5,1,204181998,204181998,15,26627272,26627272,177554726
case7_S5,11,102247577,102247577,14,90797291,90797291,11450286
case7_S5,20,28626804,28626804,9,40981521,40981521,12354717
case7_S5,21,10419634,10419634,8,43017339,43017339,32597705
case7_S5,12,66057593,66057593,8,130122080,130122080,64064487
case7_S5,7,155259009,155259009,8,123670212,123670212,31588797
case7_S5,3,57945245,57945246,8,123235366,123235365,65290121
case7_S5,3,57945460,57945460,8,123229143,123229143,65283683
case7_S5,2,88108152,88108153,8,42296851,42296850,45811301
case7_S5,2,88558596,88558599,8,41691358,41691361,46867238
case7_S5,2,90011416,90011417,8,42569762,42569763,47441654
case7_S5,2,101910227,101910229,8,42707019,42707017,59203208
case7_S5,2,104305871,104305875,8,40819504,40819508,63486367
case7_S5,2,104559423,104559423,8,83124397,83124397,21435026
case7_S5,2,104957559,104957561,8,43278293,43278295,61679266
case7_S5,2,106031249,106031249,8,41995841,41995841,64035408
case7_S5,2,107014313,107014314,8,39689570,39689571,67324743
case7_S5,12,30250593,30250593,7,55115027,55115027,24864434
case7_S5,3,195474938,195474938,7,91186102,91186102,104288836
case7_S5,1,151867560,151867560,7,84691101,84691101,67176459
case7_S5,13,48372232,48372232,6,73032805,73032805,24660573
case7_S5,12,9221393,9221393,6,19637045,19637045,10415652
case7_S5,12,66057592,66057592,6,134996611,134996611,68939019
case7_S5,12,66057593,66057593,6,134697342,134697342,68639749
case7_S5,12,66057593,66057593,6,135108044,135108044,69050451
case7_S5,12,66057593,66057593,6,135152866,135152866,69095273
case7_S5,12,66057593,66057593,6,135153667,135153667,69096074
case7_S5,4,6953613,6953613,6,52672315,52672315,45718702
case7_S5,2,95300783,95300783,6,80226290,80226290,15074493
case7_S5,2,95300920,95300921,6,80225142,80225141,15075778
case7_S5,1,238541655,238541655,6,32760931,32760931,205780724
case7_S5,12,15320686,15320686,4,94564263,94564263,79243577
case7_S5,19,33757593,33757593,3,49200542,49200542,15442949
case7_S5,19,54169031,54169031,2,165291600,165291600,111122569
case7_S5,12,66057593,66057593,2,90390461,90390461,24332868
case7_S5,11,2914675,2914675,2,120652450,120652450,117737775
