sampleID_chr_pos,typeTumosample,samples,REF,ALT,gene,mutation,VAF,location_CCF,cellularity,cluster
case10_S2_chr12_25245350,t2_IPMN_LGD_case10_2,case10_S2,C,T,KRAS,missense,0.4297520661157025,1.02778864970646,0.69984,2.0
case10_S5_chr12_25245350,t2_IPMN_LGD_case10_5,case10_S5,C,T,KRAS,missense,0.4554455445544554,1.03757338551859,0.66447,1.0
case13_S5_chr12_25245350,t6_PDAC_case13_5,case13_S5,C,A,KRAS,missense,0.1323529411764706,1.09784735812133,0.2123,3.0
case15_S10_chr12_25245351,t6_PDAC_case15_10,case15_S10,C,G,KRAS,missense,0.1304347826086956,1.00821917808219,0.25525,2.0
case15_S11_chr12_25245351,t6_PDAC_case15_11,case15_S11,C,G,KRAS,missense,0.1555555555555555,0.986301369863014,0.35632,2.0
case15_S4_chr12_25245350,t3_IPMN_HGD_case15_4,case15_S4,C,T,KRAS,missense,0.2222222222222222,1.02270058708415,0.49816,2.0
case3_S1_chr12_25245350,t2_IPMN_LGD_case3_1,case3_S1,C,T,KRAS,missense,0.2142857142857142,0.995694716242661,0.25104,2.0
case3_S2_chr12_25245350,t2_IPMN_LGD_case3_2,case3_S2,C,T,KRAS,missense,0.1311475409836065,0.986301369863014,0.22616,2.0
case3_S4_chr12_25245350,t2_IPMN_LGD_case3_4,case3_S4,C,T,KRAS,missense,0.1515151515151515,1.05068493150685,0.25731,1.0
case4_S1_chr12_25245350,t2_IPMN_LGD_case4_S1,case4_S1,C,A,KRAS,missense,0.1063829787234042,1.08199608610568,0.238,1.0
case4_S3_chr12_25245350,t2_IPMN_LGD_case4_S3,case4_S3,C,T,KRAS,missense,0.247191011235955,1.0385518590998,0.35483,1.0
case4_S4_chr12_25245350,t2_IPMN_LGD_case4_S4,case4_S4,C,T,KRAS,missense,0.1836734693877551,1.03581213307241,0.25625,2.0
case6_S7_chr12_25245350,t4_IPMN_HGD_PDAC_case6_S7,case6_S7,C,T,KRAS,missense,0.3302752293577982,1.02465753424658,0.27811,3.0
case6_S8_chr12_25245350,t6_PDAC_case6_S8,case6_S8,C,T,KRAS,missense,0.3015873015873015,1.0160469667319,0.315,4.0
case6_S9_chr12_25245350,t6_PDAC_case6_S9,case6_S9,C,T,KRAS,missense,0.2222222222222222,1.02093933463796,0.2535,3.0
case7_S1_chr12_25245350,t3_IPMN_HGD_case7_1,case7_S1,C,A,KRAS,missense,0.2459016393442623,0.9853228962818,0.28215,2.0
case7_S4_chr12_25245350,t4_IPMN_HGD_PDAC_case7_4,case7_S4,C,A,KRAS,missense,0.2,0.968101761252446,0.46068,3.0
case7_S5_chr12_25245350,t4_IPMN_HGD_PDAC_case7_5,case7_S5,C,A,KRAS,missense,0.3068181818181818,1.01448140900196,0.6107,2.0
case9_S2_chr12_25245350,t6_PDAC_case9_S2,case9_S2,C,T,KRAS,missense,0.0945945945945946,1.03913894324853,0.21406,2.0
case9_S3_chr12_25245350,t6_PDAC_case9_S3,case9_S3,C,T,KRAS,missense,0.1102941176470588,0.681017612524462,0.26628,5.0
case9_S4_chr12_25245350,t4_IPMN_HGD_PDAC_case9_S4,case9_S4,C,T,KRAS,missense,0.1415929203539823,1.08962818003914,0.18088,1.0
case9_S6_chr12_25245350,t6_PDAC_case9_S6,case9_S6,C,T,KRAS,missense,0.14,1.05557729941292,0.2304,2.0
